file,url,read_on,bytes,sha256,latest_match,window_start,window_end
ElenaRybakina.js,https://www.tennisabstract.com/jsmatches/ElenaRybakina.js,2026-10-04,61602,82d49c41385bcb669fb1e81bf7196a22e5431ad3a09d24ac634d28159df05b9b,2026-09-30,2025-10-06,2026-10-04
ArynaSabalenka.js,https://www.tennisabstract.com/jsmatches/ArynaSabalenka.js,2026-10-04,59244,d57c880873ed3f7d51e7b2752e1357d60d7e1901495c7faad137ab3c8971f4eb,2026-09-30,2025-10-06,2026-10-04
JessicaPegula.js,https://www.tennisabstract.com/jsmatches/JessicaPegula.js,2026-10-04,62686,806adfaeaac5a24a005b738f833620f94c838fca8a752cce3caae084d2b86f0d,2026-08-31,2025-10-06,2026-10-04
MirraAndreeva.js,https://www.tennisabstract.com/jsmatches/MirraAndreeva.js,2026-10-04,51366,fff6fa1519035aa8a0e9723bb04d865c96c716b35fb142eef99b7803ba91955c,2026-09-30,2025-10-06,2026-10-04
CocoGauff.js,https://www.tennisabstract.com/jsmatches/CocoGauff.js,2026-10-04,51694,0a3138224acb81bfab5f5d53c6988e84b4b2fbae0364addac577f707b201036e,2026-09-30,2025-10-06,2026-10-04
ElinaSvitolina.js,https://www.tennisabstract.com/jsmatches/ElinaSvitolina.js,2026-10-04,54400,dea4864f51d83153130b500fefb3d744b55f982df0a8d817801c33e5e4e05dd0,2026-09-30,2025-10-06,2026-10-04
KarolinaMuchova.js,https://www.tennisabstract.com/jsmatches/KarolinaMuchova.js,2026-10-04,45662,3737bbe2101a2f12ef5dd9ff295cd4a2566094b17e102d798971b9de830341bd,2026-09-30,2025-10-06,2026-10-04
LindaNoskova.js,https://www.tennisabstract.com/jsmatches/LindaNoskova.js,2026-10-04,50569,40fe1e82cb6332bda76423aa5cb78fafb557c964a918493587bc7630e27d4d40,2026-09-30,2025-10-06,2026-10-04
MartaKostyuk.js,https://www.tennisabstract.com/jsmatches/MartaKostyuk.js,2026-10-04,43823,5f7d7d3c6f6ee2a97e5ab3176740fce1df165d382dfa93499059563c2dfa7fea,2026-09-13,2025-10-06,2026-10-04
IgaSwiatek.js,https://www.tennisabstract.com/jsmatches/IgaSwiatek.js,2026-10-04,56755,44650941400588710c618e2978780537c7af7db5440dfdf9cb6fa05ef014ce8d,2026-09-30,2025-10-06,2026-10-04
IvaJovic.js,https://www.tennisabstract.com/jsmatches/IvaJovic.js,2026-10-04,46122,e7ac0d179acd4fc99783e37a07919aa8b985e445f2e22011487b3df80ba58098,2026-09-30,2025-10-06,2026-10-04
VictoriaMboko.js,https://www.tennisabstract.com/jsmatches/VictoriaMboko.js,2026-10-04,42238,470f05ad257dd9b770e246fc3a313d0a7cacf108880619039c4ea15290479aba,2026-06-08,2025-10-06,2026-10-04
SoranaCirstea.js,https://www.tennisabstract.com/jsmatches/SoranaCirstea.js,2026-10-04,55591,222fb1932b6822cbc836bfe150d5f60cf721b4d464005e957b74c87fec131ec3,2026-08-31,2025-10-06,2026-10-04
DianaShnaider.js,https://www.tennisabstract.com/jsmatches/DianaShnaider.js,2026-10-04,43595,539c9897819586ee44474308133782135513748f7b63222add38072eba0fade5,2026-09-30,2025-10-06,2026-10-04
AlexandraEala.js,https://www.tennisabstract.com/jsmatches/AlexandraEala.js,2026-10-04,54572,3d58c7f2fb585e73cbd176bf8546a9a8f207ec74afeb3972dcace7fadda17723,2026-09-21,2025-10-06,2026-10-04
NaomiOsaka.js,https://www.tennisabstract.com/jsmatches/NaomiOsaka.js,2026-10-04,43359,5bd5a04c77949b2dbdc22fc976b17199dc64fdadb95d8c2af5ffbb0fba63e814,2026-09-30,2025-10-06,2026-10-04
EliseMertens.js,https://www.tennisabstract.com/jsmatches/EliseMertens.js,2026-10-04,52481,c230fa63bc1ec11ce31544acb811795e581e741dd3e83c6da30a6b628d9b1ce0,2026-09-30,2025-10-06,2026-10-04
MadisonKeys.js,https://www.tennisabstract.com/jsmatches/MadisonKeys.js,2026-10-04,47982,a21886e4e1e411434103375a2e80455baf770419a3061b318832a4d4908ca84d,2026-08-31,2025-10-06,2026-10-04
BelindaBencic.js,https://www.tennisabstract.com/jsmatches/BelindaBencic.js,2026-10-04,46759,6da8ae6b845bc2142f8f07545663fcd04e46a48d09becd66e7f2d43b1e6a319b,2026-09-30,2025-10-06,2026-10-04
AnnaKalinskaya.js,https://www.tennisabstract.com/jsmatches/AnnaKalinskaya.js,2026-10-04,45176,a0776ab9d5d7c8a22ba41b80d52dde27ab6a6dd0c01822e782425e70258f7d5d,2026-09-30,2025-10-06,2026-10-04
AmandaAnisimova.js,https://www.tennisabstract.com/jsmatches/AmandaAnisimova.js,2026-10-04,45642,6ca2fa282abee29153617163eee15c7b2ce2b40cdf8eac7e90185d5af84a81a4,2026-08-31,2025-10-06,2026-10-04
AnastasiaPotapova.js,https://www.tennisabstract.com/jsmatches/AnastasiaPotapova.js,2026-10-04,42476,ad667d94965e7c29b691cee45881dc6d0bccf70db99fd9c723315308ab400e42,2026-09-30,2025-10-06,2026-10-04
EmmaNavarro.js,https://www.tennisabstract.com/jsmatches/EmmaNavarro.js,2026-10-04,45721,f4a5f7396809a2ca9984dba66ede7e8b59e12be9d1dd1a3c61fb0a1e53346ead,2026-08-31,2025-10-06,2026-10-04
MajaChwalinska.js,https://www.tennisabstract.com/jsmatches/MajaChwalinska.js,2026-10-04,45020,761fe02ca3408a66825ea26b708ebd18b7e08a9f79bb442de70488c4e82fb524,2026-09-30,2025-10-06,2026-10-04
MarieBouzkova.js,https://www.tennisabstract.com/jsmatches/MarieBouzkova.js,2026-10-04,51664,8a976397e05251c78d38a0f86cabf430b66799dd49088c76afad7e322cd91f55,2026-09-30,2025-10-06,2026-10-04
LeylahFernandez.js,https://www.tennisabstract.com/jsmatches/LeylahFernandez.js,2026-10-04,44497,f610069d43f116f23fb94f095ad96b3354b6a9090039045238800c880d16f6d7,2026-09-30,2025-10-06,2026-10-04
SaraBejlek.js,https://www.tennisabstract.com/jsmatches/SaraBejlek.js,2026-10-04,41973,92288e93d07fb90eb1c4d80006846d444d2a562650559cd5b871a6262232c390,2026-09-30,2025-10-06,2026-10-04
JelenaOstapenko.js,https://www.tennisabstract.com/jsmatches/JelenaOstapenko.js,2026-10-04,41992,25194cd44387b8ec4132fb23ddffb21c701bb7aabf0c05dfbf83b189b88f1a16,2026-09-30,2025-10-06,2026-10-04
MariaSakkari.js,https://www.tennisabstract.com/jsmatches/MariaSakkari.js,2026-10-04,49888,028931ddf2aa0c02655f5ca24f05a08c2f455c2d4a945567ab9f90affce448cc,2026-09-30,2025-10-06,2026-10-04
DianeParry.js,https://www.tennisabstract.com/jsmatches/DianeParry.js,2026-10-04,44238,e82b9340922a2a430911c415bf21b67cf8c6ccf325499f35162ade87a3a8c71f,2026-09-30,2025-10-06,2026-10-04
leadersource_wta.js,https://www.tennisabstract.com/jsmatches/leadersource_wta.js,2026-10-04,2194914,1440af7e46c061204788fbbec5891d97170e4c6d48f476920b2a2eb4d4996b3d,2026-09-21,2025-09-23,2026-09-21
