player,date,tourn,surf,level,round,opp,score,pts,fwon,swon,opts,ofwon,oswon
Elena Rybakina,20251006,Wuhan,Hard,PM,QF,Aryna Sabalenka,6-3 6-3,59,23,8,57,27,11
Elena Rybakina,20251006,Wuhan,Hard,PM,R16,Linda Noskova,6-3 6-4,57,24,20,84,29,18
Elena Rybakina,20251006,Wuhan,Hard,PM,R32,Jaqueline Cristian,6-4 6-3,57,30,11,61,22,14
Elena Rybakina,20251013,Ningbo,Hard,P,F,Ekaterina Alexandrova,3-6 6-0 6-2,66,35,11,95,37,14
Elena Rybakina,20251013,Ningbo,Hard,P,QF,Ajla Tomljanovic,6-2 6-0,36,16,10,53,17,4
Elena Rybakina,20251013,Ningbo,Hard,P,R16,Dayana Yastremska,6-4 6-7(6) 6-3,99,39,27,120,46,23
Elena Rybakina,20251013,Ningbo,Hard,P,SF,Jasmine Paolini,6-3 6-2,61,28,13,69,29,9
Elena Rybakina,20251020,Tokyo,Hard,P,SF,Linda Noskova,W/O,,,,,,
Elena Rybakina,20251020,Tokyo,Hard,P,QF,Victoria Mboko,6-3 7-6(4),65,30,21,65,40,3
Elena Rybakina,20251020,Tokyo,Hard,P,R16,Leylah Fernandez,6-4 6-3,69,25,19,48,20,7
Elena Rybakina,20251101,Riyadh Finals,Hard,F,F,Aryna Sabalenka,6-3 7-6(0),73,34,19,73,30,14
Elena Rybakina,20251101,Riyadh Finals,Hard,F,RR,Iga Swiatek,3-6 6-1 6-0,61,29,14,71,32,7
Elena Rybakina,20251101,Riyadh Finals,Hard,F,RR,Amanda Anisimova,6-3 6-1,45,27,7,47,19,5
Elena Rybakina,20251101,Riyadh Finals,Hard,F,RR,Ekaterina Alexandrova,6-4 6-4,63,30,14,52,25,7
Elena Rybakina,20251101,Riyadh Finals,Hard,F,SF,Jessica Pegula,4-6 6-4 6-3,89,41,14,101,41,15
Elena Rybakina,20260104,Brisbane,Hard,P,QF,Karolina Muchova,6-2 2-6 6-4,91,33,20,69,37,10
Elena Rybakina,20260104,Brisbane,Hard,P,R16,Paula Badosa,6-3 6-2,46,17,15,75,23,14
Elena Rybakina,20260104,Brisbane,Hard,P,R32,Shuai Zhang,6-3 7-5,62,29,13,63,26,9
Elena Rybakina,20260119,Australian Open,Hard,G,F,Aryna Sabalenka,6-4 4-6 6-4,98,41,21,86,40,16
Elena Rybakina,20260119,Australian Open,Hard,G,QF,Iga Swiatek,7-5 6-1,59,23,17,55,18,10
Elena Rybakina,20260119,Australian Open,Hard,G,R128,Kaja Juvan,6-4 6-3,56,29,13,56,26,8
Elena Rybakina,20260119,Australian Open,Hard,G,R16,Elise Mertens,6-1 6-3,49,23,12,60,19,11
Elena Rybakina,20260119,Australian Open,Hard,G,R32,Tereza Valentova,6-2 6-3,61,24,14,58,19,9
Elena Rybakina,20260119,Australian Open,Hard,G,R64,Varvara Gracheva,7-5 6-2,58,26,14,56,20,9
Elena Rybakina,20260119,Australian Open,Hard,G,SF,Jessica Pegula,6-3 7-6(7),73,29,16,76,30,10
Elena Rybakina,20260208,Doha,Hard,PM,QF,Victoria Mboko,7-5 4-6 6-4,106,43,17,108,50,13
Elena Rybakina,20260208,Doha,Hard,PM,R16,Qinwen Zheng,4-6 6-2 7-5,104,50,16,96,40,19
Elena Rybakina,20260208,Doha,Hard,PM,R32,Xin Yu Wang,6-2 6-4,54,27,10,74,30,9
Elena Rybakina,20260215,Dubai,Hard,PM,R16,Antonia Ruzic,5-7 6-4 1-0 RET,72,28,15,61,28,11
Elena Rybakina,20260215,Dubai,Hard,PM,R32,Kimberly Birrell,6-1 6-2,46,20,15,43,15,6
Elena Rybakina,20260304,Indian Wells,Hard,PM,F,Aryna Sabalenka,3-6 6-3 7-6(6),96,35,28,108,40,27
Elena Rybakina,20260304,Indian Wells,Hard,PM,QF,Jessica Pegula,6-1 7-6(4),78,38,13,57,22,14
Elena Rybakina,20260304,Indian Wells,Hard,PM,R16,Sonay Kartal,6-4 4-3 RET,53,23,14,55,23,9
Elena Rybakina,20260304,Indian Wells,Hard,PM,R32,Marta Kostyuk,6-4 6-4,64,25,13,62,22,10
Elena Rybakina,20260304,Indian Wells,Hard,PM,R64,Hailey Baptiste,7-6(5) 2-6 6-2,102,43,20,91,36,19
Elena Rybakina,20260304,Indian Wells,Hard,PM,SF,Elina Svitolina,7-5 6-4,75,36,11,85,32,15
Elena Rybakina,20260317,Miami,Hard,PM,SF,Aryna Sabalenka,6-4 6-3,63,23,10,51,24,12
Elena Rybakina,20260317,Miami,Hard,PM,QF,Jessica Pegula,2-6 6-3 6-4,112,46,22,86,40,16
Elena Rybakina,20260317,Miami,Hard,PM,R16,Talia Gibson,6-2 6-2,44,27,6,50,16,10
Elena Rybakina,20260317,Miami,Hard,PM,R32,Marta Kostyuk,6-3 6-4,59,28,15,58,22,14
Elena Rybakina,20260317,Miami,Hard,PM,R64,Yulia Putintseva,6-3 6-3,58,27,12,59,27,5
Elena Rybakina,20260802,Toronto,Hard,PM,F,Iga Swiatek,6-2 6-3,51,19,9,46,28,5
Elena Rybakina,20260802,Toronto,Hard,PM,QF,Naomi Osaka,4-6 7-6(5) 6-4,109,45,23,109,44,22
Elena Rybakina,20260802,Toronto,Hard,PM,R16,Liudmila Samsonova,6-4 4-6 6-4,94,31,21,123,43,20
Elena Rybakina,20260802,Toronto,Hard,PM,R32,Ann Li,6-2 7-5,54,22,14,70,23,13
Elena Rybakina,20260802,Toronto,Hard,PM,R64,Daria Kasatkina,6-3 5-7 6-4,124,43,31,105,40,21
Elena Rybakina,20260802,Toronto,Hard,PM,SF,Coco Gauff,5-7 6-2 6-2,80,34,21,98,38,17
Elena Rybakina,20260813,Cincinnati,Hard,PM,QF,Iga Swiatek,4-1 RET,18,6,3,18,10,3
Elena Rybakina,20260813,Cincinnati,Hard,PM,R16,Diana Shnaider,6-4 6-4,76,41,9,57,25,12
Elena Rybakina,20260813,Cincinnati,Hard,PM,R32,Magdalena Frech,6-4 7-6(2),65,32,13,98,37,16
Elena Rybakina,20260813,Cincinnati,Hard,PM,R64,Taylor Townsend,6-3 6-4,61,19,23,50,24,6
Elena Rybakina,20260831,US Open,Hard,G,F,Aryna Sabalenka,6-4 5-7 6-2,87,35,27,106,43,22
Elena Rybakina,20260831,US Open,Hard,G,QF,Qinwen Zheng,3-6 6-1 6-4,73,32,21,94,36,23
Elena Rybakina,20260831,US Open,Hard,G,R128,Thea Frodin,6-3 6-2,54,22,18,57,20,11
Elena Rybakina,20260831,US Open,Hard,G,R16,Naomi Osaka,6-1 6-4,51,27,10,50,22,5
Elena Rybakina,20260831,US Open,Hard,G,R32,Yuliia Starodubtseva,7-6(6) 6-3,58,28,12,91,24,26
Elena Rybakina,20260831,US Open,Hard,G,R64,Jessica Bouzas Maneiro,6-2 6-4,57,30,6,52,18,7
Elena Rybakina,20260831,US Open,Hard,G,SF,Coco Gauff,3-6 6-4 6-4,76,32,19,94,32,25
Elena Rybakina,20260930,WTA Beijing,Hard,W,R64,Alina Charaeva,3-6 6-4 6-3,93,32,20,78,38,9
Aryna Sabalenka,20251006,Wuhan,Hard,PM,SF,Jessica Pegula,2-6 6-4 7-6(2),101,41,7,103,37,16
Aryna Sabalenka,20251006,Wuhan,Hard,PM,QF,Elena Rybakina,6-3 6-3,57,27,11,59,23,8
Aryna Sabalenka,20251006,Wuhan,Hard,PM,R16,Liudmila Samsonova,6-3 6-2,47,24,13,47,15,12
Aryna Sabalenka,20251006,Wuhan,Hard,PM,R32,Rebecca Sramkova,4-6 6-3 6-1,94,37,22,81,33,13
Aryna Sabalenka,20251101,Riyadh Finals,Hard,F,F,Elena Rybakina,6-3 7-6(0),73,30,14,73,34,19
Aryna Sabalenka,20251101,Riyadh Finals,Hard,F,RR,Jasmine Paolini,6-3 6-1,54,29,5,58,18,11
Aryna Sabalenka,20251101,Riyadh Finals,Hard,F,RR,Jessica Pegula,6-4 2-6 6-3,82,30,21,93,41,14
Aryna Sabalenka,20251101,Riyadh Finals,Hard,F,RR,Coco Gauff,7-6(5) 6-2,68,35,8,56,22,7
Aryna Sabalenka,20251101,Riyadh Finals,Hard,F,SF,Amanda Anisimova,6-3 3-6 6-3,107,44,14,108,43,17
Aryna Sabalenka,20260104,Brisbane,Hard,P,F,Marta Kostyuk,6-4 6-3,52,26,12,58,19,14
Aryna Sabalenka,20260104,Brisbane,Hard,P,QF,Madison Keys,6-3 6-3,65,26,14,70,26,9
Aryna Sabalenka,20260104,Brisbane,Hard,P,R16,Sorana Cirstea,6-3 6-3,48,25,8,68,20,15
Aryna Sabalenka,20260104,Brisbane,Hard,P,R32,Cristina Bucsa,6-0 6-1,36,22,7,40,11,4
Aryna Sabalenka,20260104,Brisbane,Hard,P,SF,Karolina Muchova,6-3 6-4,64,36,10,59,31,6
Aryna Sabalenka,20260119,Australian Open,Hard,G,F,Elena Rybakina,6-4 4-6 6-4,86,40,16,98,41,21
Aryna Sabalenka,20260119,Australian Open,Hard,G,QF,Iva Jovic,6-3 6-0,56,30,8,56,18,9
Aryna Sabalenka,20260119,Australian Open,Hard,G,R128,Tiantsoa Sarah Rakotomanga Rajaonah,6-4 6-1,47,23,12,61,21,9
Aryna Sabalenka,20260119,Australian Open,Hard,G,R16,Victoria Mboko,6-1 7-6(1),78,34,13,53,18,7
Aryna Sabalenka,20260119,Australian Open,Hard,G,R32,Anastasia Potapova,7-6(4) 7-6(7),86,38,15,91,26,23
Aryna Sabalenka,20260119,Australian Open,Hard,G,R64,Zhuoxuan Bai,6-3 6-1,54,25,9,58,20,4
Aryna Sabalenka,20260119,Australian Open,Hard,G,SF,Elina Svitolina,6-2 6-3,54,25,12,57,18,11
Aryna Sabalenka,20260304,Indian Wells,Hard,PM,F,Elena Rybakina,3-6 6-3 7-6(6),108,40,27,96,35,28
Aryna Sabalenka,20260304,Indian Wells,Hard,PM,QF,Victoria Mboko,7-6(0) 6-4,84,36,21,82,35,15
Aryna Sabalenka,20260304,Indian Wells,Hard,PM,R16,Naomi Osaka,6-2 6-4,56,32,7,68,25,12
Aryna Sabalenka,20260304,Indian Wells,Hard,PM,R32,Jaqueline Cristian,6-4 6-1,51,30,7,45,17,6
Aryna Sabalenka,20260304,Indian Wells,Hard,PM,R64,Himeno Sakatsume,6-4 6-2,45,28,8,61,29,8
Aryna Sabalenka,20260304,Indian Wells,Hard,PM,SF,Linda Noskova,6-3 6-4,58,28,12,78,28,14
Aryna Sabalenka,20260317,Miami,Hard,PM,F,Coco Gauff,6-2 4-6 6-3,78,35,19,98,43,15
Aryna Sabalenka,20260317,Miami,Hard,PM,QF,Hailey Baptiste,6-4 6-4,58,30,10,55,22,12
Aryna Sabalenka,20260317,Miami,Hard,PM,R16,Qinwen Zheng,6-3 6-4,64,32,12,58,19,14
Aryna Sabalenka,20260317,Miami,Hard,PM,R32,Caty Mcnally,6-4 6-2,62,29,9,58,21,6
Aryna Sabalenka,20260317,Miami,Hard,PM,R64,Ann Li,7-6(5) 6-4,74,34,14,87,35,19
Aryna Sabalenka,20260317,Miami,Hard,PM,SF,Elena Rybakina,6-4 6-3,51,24,12,63,23,10
Aryna Sabalenka,20260802,Toronto,Hard,PM,R16,Ekaterina Alexandrova,7-6(3) 4-6 6-4,113,38,25,100,38,21
Aryna Sabalenka,20260802,Toronto,Hard,PM,R32,Shuai Zhang,6-3 6-4,62,30,14,56,23,12
Aryna Sabalenka,20260802,Toronto,Hard,PM,R64,Moyuka Uchijima,6-3 6-3,59,26,10,62,20,9
Aryna Sabalenka,20260813,Cincinnati,Hard,PM,R16,Sara Bejlek,7-6(7) 6-4,82,25,19,69,31,9
Aryna Sabalenka,20260813,Cincinnati,Hard,PM,R32,Xin Yu Wang,6-1 6-3,38,18,14,45,21,3
Aryna Sabalenka,20260813,Cincinnati,Hard,PM,R64,Talia Gibson,6-2 7-6(2),81,34,16,66,19,15
Aryna Sabalenka,20260831,US Open,Hard,G,F,Elena Rybakina,6-4 5-7 6-2,106,43,22,87,35,27
Aryna Sabalenka,20260831,US Open,Hard,G,QF,Linda Noskova,7-6(1) 3-6 7-6(7),95,48,20,123,58,20
Aryna Sabalenka,20260831,US Open,Hard,G,R128,Camila Osorio,6-2 6-4,60,22,13,73,27,8
Aryna Sabalenka,20260831,US Open,Hard,G,R16,Taylor Townsend,6-4 6-3,46,21,4,67,25,4
Aryna Sabalenka,20260831,US Open,Hard,G,R32,Kamilla Rakhimova,6-3 6-4,63,31,16,68,25,14
Aryna Sabalenka,20260831,US Open,Hard,G,R64,Polina Iatcenko,6-1 6-1,37,21,5,45,8,7
Aryna Sabalenka,20260831,US Open,Hard,G,SF,Jessica Pegula,7-5 6-2,59,28,14,60,32,5
Aryna Sabalenka,20260930,WTA Beijing,Hard,W,R32,Nikola Bartunkova,6-4 6-3,76,26,17,61,24,18
Aryna Sabalenka,20260930,WTA Beijing,Hard,W,R64,Renata Zarazua,6-1 6-3,39,22,10,55,23,4
Jessica Pegula,20251006,Wuhan,Hard,PM,F,Coco Gauff,6-4 7-5,68,22,11,73,34,7
Jessica Pegula,20251006,Wuhan,Hard,PM,QF,Katerina Siniakova,2-6 6-0 6-3,67,35,10,66,23,12
Jessica Pegula,20251006,Wuhan,Hard,PM,R16,Ekaterina Alexandrova,7-5 3-6 6-3,94,41,18,89,36,17
Jessica Pegula,20251006,Wuhan,Hard,PM,R32,Hailey Baptiste,6-4 4-6 7-6(6),126,45,26,122,53,13
Jessica Pegula,20251006,Wuhan,Hard,PM,SF,Aryna Sabalenka,2-6 6-4 7-6(2),103,37,16,101,41,7
Jessica Pegula,20251101,Riyadh Finals,Hard,F,RR,Aryna Sabalenka,6-4 2-6 6-3,93,41,14,82,30,21
Jessica Pegula,20251101,Riyadh Finals,Hard,F,SF,Elena Rybakina,4-6 6-4 6-3,101,41,15,89,41,14
Jessica Pegula,20251101,Riyadh Finals,Hard,F,RR,Jasmine Paolini,6-2 6-3,41,24,9,65,25,9
Jessica Pegula,20251101,Riyadh Finals,Hard,F,RR,Coco Gauff,6-3 6-7(4) 6-2,92,40,12,115,40,15
Jessica Pegula,20260104,Brisbane,Hard,P,SF,Marta Kostyuk,6-0 6-3,37,10,7,45,22,13
Jessica Pegula,20260104,Brisbane,Hard,P,QF,Liudmila Samsonova,6-3 7-6(3),62,35,6,90,34,14
Jessica Pegula,20260104,Brisbane,Hard,P,R16,Dayana Yastremska,5-7 6-2 6-3,83,32,20,111,38,21
Jessica Pegula,20260104,Brisbane,Hard,P,R32,Anna Kalinskaya,6-2 2-6 6-4,84,32,16,82,37,10
Jessica Pegula,20260119,Australian Open,Hard,G,SF,Elena Rybakina,6-3 7-6(7),76,30,10,73,29,16
Jessica Pegula,20260119,Australian Open,Hard,G,QF,Amanda Anisimova,6-2 7-6(1),62,26,16,71,25,11
Jessica Pegula,20260119,Australian Open,Hard,G,R128,Anastasia Zakharova,6-2 6-1,37,18,9,62,16,9
Jessica Pegula,20260119,Australian Open,Hard,G,R16,Madison Keys,6-3 6-4,66,27,13,59,23,7
Jessica Pegula,20260119,Australian Open,Hard,G,R32,Oksana Selekhmeteva,6-3 6-2,43,22,11,61,27,5
Jessica Pegula,20260119,Australian Open,Hard,G,R64,Mccartney Kessler,6-0 6-2,40,22,6,39,12,2
Jessica Pegula,20260215,Dubai,Hard,PM,F,Elina Svitolina,6-2 6-4,48,26,9,66,25,9
Jessica Pegula,20260215,Dubai,Hard,PM,QF,Clara Tauson,6-3 2-6 6-4,103,40,24,73,37,13
Jessica Pegula,20260215,Dubai,Hard,PM,R16,Iva Jovic,6-4 6-2,48,29,8,59,20,15
Jessica Pegula,20260215,Dubai,Hard,PM,R32,Varvara Gracheva,6-4 6-0,48,25,7,56,20,5
Jessica Pegula,20260215,Dubai,Hard,PM,SF,Amanda Anisimova,1-6 6-4 6-3,89,37,14,95,41,12
Jessica Pegula,20260304,Indian Wells,Hard,PM,QF,Elena Rybakina,6-1 7-6(4),57,22,14,78,38,13
Jessica Pegula,20260304,Indian Wells,Hard,PM,R16,Belinda Bencic,6-3 7-6(5),78,31,12,78,27,13
Jessica Pegula,20260304,Indian Wells,Hard,PM,R32,Jelena Ostapenko,4-6 6-3 6-2,77,37,14,78,29,14
Jessica Pegula,20260304,Indian Wells,Hard,PM,R64,Donna Vekic,4-6 6-2 6-3,86,40,16,85,33,13
Jessica Pegula,20260317,Miami,Hard,PM,QF,Elena Rybakina,2-6 6-3 6-4,86,40,16,112,46,22
Jessica Pegula,20260317,Miami,Hard,PM,R16,Jaqueline Cristian,6-4 6-1,39,20,12,63,21,14
Jessica Pegula,20260317,Miami,Hard,PM,R32,Leylah Fernandez,6-2 6-2,47,25,10,55,22,6
Jessica Pegula,20260317,Miami,Hard,PM,R64,Francesca Jones,6-1 3-0 RET,24,12,7,19,5,1
Jessica Pegula,20260727,Washington,Hard,P,F,Alexandra Eala,4-6 6-4 6-0,71,26,14,70,38,11
Jessica Pegula,20260727,Washington,Hard,P,QF,Anna Kalinskaya,6-3 7-5,60,28,16,58,22,12
Jessica Pegula,20260727,Washington,Hard,P,R16,Magdalena Frech,3-6 6-3 6-0,78,31,19,78,28,13
Jessica Pegula,20260727,Washington,Hard,P,SF,Diana Shnaider,7-5 6-4,66,25,15,64,24,8
Jessica Pegula,20260802,Toronto,Hard,PM,R16,Diana Shnaider,6-3 6-3,56,26,6,55,26,12
Jessica Pegula,20260802,Toronto,Hard,PM,R32,Kamilla Rakhimova,6-4 6-0,45,21,7,47,11,6
Jessica Pegula,20260802,Toronto,Hard,PM,R64,Magdalena Frech,3-6 6-3 6-2,90,40,12,76,25,17
Jessica Pegula,20260813,Cincinnati,Hard,PM,F,Coco Gauff,6-2 6-4,61,18,11,49,18,12
Jessica Pegula,20260813,Cincinnati,Hard,PM,QF,Amanda Anisimova,6-4 2-6 7-6(4),94,37,21,95,39,19
Jessica Pegula,20260813,Cincinnati,Hard,PM,R16,Sorana Cirstea,6-2 4-6 7-5,96,43,12,97,34,16
Jessica Pegula,20260813,Cincinnati,Hard,PM,R32,Emma Navarro,7-5 6-2,84,35,15,72,26,11
Jessica Pegula,20260813,Cincinnati,Hard,PM,R64,Simona Waltert,6-3 6-2,52,23,10,67,18,11
Jessica Pegula,20260813,Cincinnati,Hard,PM,SF,Iga Swiatek,7-5 4-6 6-4,101,37,18,128,53,13
Jessica Pegula,20260831,US Open,Hard,G,SF,Aryna Sabalenka,7-5 6-2,60,32,5,59,28,14
Jessica Pegula,20260831,US Open,Hard,G,QF,Emma Navarro,3-6 6-4 6-3,100,42,16,113,41,19
Jessica Pegula,20260831,US Open,Hard,G,R128,Elena Gabriela Ruse,6-3 6-2,40,23,10,85,28,16
Jessica Pegula,20260831,US Open,Hard,G,R16,Sorana Cirstea,6-3 6-4,61,19,14,70,17,12
Jessica Pegula,20260831,US Open,Hard,G,R32,Leylah Fernandez,1-6 6-4 6-3,93,35,20,77,26,20
Jessica Pegula,20260831,US Open,Hard,G,R64,Sofia Kenin,6-3 6-1,40,19,14,46,13,12
Mirra Andreeva,20251006,Wuhan,Hard,PM,R32,Laura Siegemund,6-7(4) 6-3 6-3,115,40,19,113,47,16
Mirra Andreeva,20251013,Ningbo,Hard,P,R16,Lin Zhu,4-6 6-3 6-2,97,36,13,98,44,14
Mirra Andreeva,20260104,Brisbane,Hard,P,QF,Marta Kostyuk,7-6(7) 6-3,82,33,12,74,33,14
Mirra Andreeva,20260104,Brisbane,Hard,P,R16,Linda Noskova,5-7 6-4 7-5,107,47,22,107,45,23
Mirra Andreeva,20260104,Brisbane,Hard,P,R32,Olivia Gadecki,4-6 6-1 6-2,76,38,12,75,28,12
Mirra Andreeva,20260112,Adelaide,Hard,P,F,Victoria Mboko,6-3 6-1,41,24,6,55,19,5
Mirra Andreeva,20260112,Adelaide,Hard,P,QF,Maya Joint,6-2 6-0,47,21,8,51,11,7
Mirra Andreeva,20260112,Adelaide,Hard,P,R16,Marie Bouzkova,6-3 6-1,48,26,7,44,16,3
Mirra Andreeva,20260112,Adelaide,Hard,P,SF,Diana Shnaider,6-3 6-2,58,24,12,61,23,5
Mirra Andreeva,20260119,Australian Open,Hard,G,R16,Elina Svitolina,6-2 6-4,58,24,5,61,22,13
Mirra Andreeva,20260119,Australian Open,Hard,G,R128,Donna Vekic,4-6 6-3 6-0,71,37,13,79,25,16
Mirra Andreeva,20260119,Australian Open,Hard,G,R32,Elena Gabriela Ruse,6-3 6-4,64,27,14,62,24,8
Mirra Andreeva,20260119,Australian Open,Hard,G,R64,Maria Sakkari,6-0 6-4,50,21,10,45,14,7
Mirra Andreeva,20260208,Doha,Hard,PM,R16,Victoria Mboko,6-3 3-6 7-6(5),104,43,15,86,41,9
Mirra Andreeva,20260208,Doha,Hard,PM,R32,Magda Linette,7-6(0) 6-1,73,43,5,64,21,11
Mirra Andreeva,20260215,Dubai,Hard,PM,QF,Amanda Anisimova,2-6 7-5 7-6(4),118,43,17,113,37,20
Mirra Andreeva,20260215,Dubai,Hard,PM,R16,Jaqueline Cristian,7-5 6-3,61,26,5,76,15,16
Mirra Andreeva,20260215,Dubai,Hard,PM,R32,Daria Kasatkina,W/O,,,,,,
Mirra Andreeva,20260304,Indian Wells,Hard,PM,R32,Katerina Siniakova,4-6 7-6(5) 6-3,115,45,13,128,54,15
Mirra Andreeva,20260304,Indian Wells,Hard,PM,R64,Solana Sierra,6-0 6-0,38,15,13,37,3,8
Mirra Andreeva,20260317,Miami,Hard,PM,R16,Victoria Mboko,7-6(4) 4-6 6-0,104,38,24,93,51,12
Mirra Andreeva,20260317,Miami,Hard,PM,R32,Marie Bouzkova,7-6(4) 6-2,74,33,12,72,27,10
Mirra Andreeva,20260317,Miami,Hard,PM,R64,Mccartney Kessler,6-1 6-7(3) 6-1,73,39,10,94,33,14
Mirra Andreeva,20260802,Toronto,Hard,PM,R32,Leylah Fernandez,6-1 6-4,58,23,6,48,24,9
Mirra Andreeva,20260802,Toronto,Hard,PM,R64,Karolina Pliskova,6-0 6-2,39,20,8,45,13,4
Mirra Andreeva,20260813,Cincinnati,Hard,PM,R16,Marta Kostyuk,4-6 6-0 6-2,66,24,13,71,31,17
Mirra Andreeva,20260813,Cincinnati,Hard,PM,R32,Janice Tjen,6-1 7-6(5),62,31,14,80,33,13
Mirra Andreeva,20260813,Cincinnati,Hard,PM,R64,Oleksandra Oliynykova,6-1 6-0,57,30,7,44,10,5
Mirra Andreeva,20260831,US Open,Hard,G,QF,Coco Gauff,2-6 7-6(7) 6-2,86,36,15,103,44,16
Mirra Andreeva,20260831,US Open,Hard,G,R128,Janice Tjen,6-2 6-2,41,28,5,48,17,6
Mirra Andreeva,20260831,US Open,Hard,G,R16,Anastasia Potapova,5-7 6-4 6-3,96,41,14,96,38,14
Mirra Andreeva,20260831,US Open,Hard,G,R32,Nikola Bartunkova,6-2 7-6(5),61,25,16,73,29,10
Mirra Andreeva,20260831,US Open,Hard,G,R64,Eva Lys,6-0 6-2,51,23,9,44,13,3
Mirra Andreeva,20260921,Singapore,Hard,P,QF,Leylah Fernandez,6-2 7-5,58,20,7,63,27,9
Mirra Andreeva,20260921,Singapore,Hard,P,R16,Aliaksandra Sasnovich,6-2 6-2,47,21,9,50,13,6
Mirra Andreeva,20260930,WTA Beijing,Hard,W,R16,Daria Snigur,,,,,,,
Mirra Andreeva,20260930,WTA Beijing,Hard,W,R32,Polina Kudermetova,6-4 6-1,66,31,8,56,14,11
Mirra Andreeva,20260930,WTA Beijing,Hard,W,R64,Yue Yuan,3-6 6-0 6-0,61,29,14,82,28,11
Coco Gauff,20251006,Wuhan,Hard,PM,F,Jessica Pegula,6-4 7-5,73,34,7,68,22,11
Coco Gauff,20251006,Wuhan,Hard,PM,QF,Laura Siegemund,6-3 6-0,56,23,13,45,12,6
Coco Gauff,20251006,Wuhan,Hard,PM,R16,Shuai Zhang,6-3 6-2,50,21,10,50,19,2
Coco Gauff,20251006,Wuhan,Hard,PM,R32,Moyuka Uchijima,6-1 6-0,33,25,3,44,12,5
Coco Gauff,20251006,Wuhan,Hard,PM,SF,Jasmine Paolini,6-4 6-3,55,22,5,56,18,6
Coco Gauff,20251101,Riyadh Finals,Hard,F,RR,Jessica Pegula,6-3 6-7(4) 6-2,115,40,15,92,40,12
Coco Gauff,20251101,Riyadh Finals,Hard,F,RR,Aryna Sabalenka,7-6(5) 6-2,56,22,7,68,35,8
Coco Gauff,20251101,Riyadh Finals,Hard,F,RR,Jasmine Paolini,6-3 6-2,50,20,15,57,24,4
Coco Gauff,20260105,United Cup,Hard,I,RR,Jessica Bouzas Maneiro,6-1 6-7(3) 6-0,,,,,,
Coco Gauff,20260105,United Cup,Hard,I,QF,Maria Sakkari,6-3 6-2,,,,,,
Coco Gauff,20260105,United Cup,Hard,I,RR,Solana Sierra,6-1 6-1,,,,,,
Coco Gauff,20260105,United Cup,Hard,I,SF,Iga Swiatek,6-4 6-2,,,,,,
Coco Gauff,20260119,Australian Open,Hard,G,QF,Elina Svitolina,6-1 6-2,43,13,2,45,22,7
Coco Gauff,20260119,Australian Open,Hard,G,R128,Kamilla Rakhimova,6-2 6-3,64,29,8,65,22,6
Coco Gauff,20260119,Australian Open,Hard,G,R16,Karolina Muchova,6-1 3-6 6-3,80,35,18,75,35,9
Coco Gauff,20260119,Australian Open,Hard,G,R32,Hailey Baptiste,3-6 6-0 6-3,61,33,10,93,33,17
Coco Gauff,20260119,Australian Open,Hard,G,R64,Olga Danilovic,6-2 6-2,46,26,5,68,22,10
Coco Gauff,20260208,Doha,Hard,PM,R32,Elisabetta Cocciaretto,6-4 6-2,59,26,5,72,31,14
Coco Gauff,20260215,Dubai,Hard,PM,SF,Elina Svitolina,6-4 6-7(13) 6-4,116,46,19,130,49,28
Coco Gauff,20260215,Dubai,Hard,PM,QF,Alexandra Eala,6-0 6-2,48,20,9,40,7,7
Coco Gauff,20260215,Dubai,Hard,PM,R16,Elise Mertens,2-6 7-6(9) 6-3,93,30,17,104,39,16
Coco Gauff,20260215,Dubai,Hard,PM,R32,Anna Kalinskaya,6-4 6-4,70,28,13,58,19,7
Coco Gauff,20260304,Indian Wells,Hard,PM,R32,Alexandra Eala,6-2 2-0 RET,39,8,6,25,10,4
Coco Gauff,20260304,Indian Wells,Hard,PM,R64,Kamilla Rakhimova,6-3 7-6(5),75,32,5,82,22,14
Coco Gauff,20260317,Miami,Hard,PM,F,Aryna Sabalenka,6-2 4-6 6-3,98,43,15,78,35,19
Coco Gauff,20260317,Miami,Hard,PM,QF,Belinda Bencic,6-3 1-6 6-3,69,30,9,90,42,11
Coco Gauff,20260317,Miami,Hard,PM,R16,Sorana Cirstea,6-4 3-6 6-2,82,40,6,91,32,13
Coco Gauff,20260317,Miami,Hard,PM,R32,Alycia Parks,3-6 6-0 6-1,89,36,17,79,27,12
Coco Gauff,20260317,Miami,Hard,PM,R64,Elisabetta Cocciaretto,3-6 6-4 6-3,83,43,9,102,38,19
Coco Gauff,20260317,Miami,Hard,PM,SF,Karolina Muchova,6-1 6-1,55,27,7,61,21,4
Coco Gauff,20260802,Toronto,Hard,PM,SF,Elena Rybakina,5-7 6-2 6-2,98,38,17,80,34,21
Coco Gauff,20260802,Toronto,Hard,PM,QF,Belinda Bencic,W/O,,,,,,
Coco Gauff,20260802,Toronto,Hard,PM,R16,Alina Korneeva,6-3 6-1,48,20,5,68,20,6
Coco Gauff,20260802,Toronto,Hard,PM,R32,Maria Sakkari,6-1 6-4,58,27,10,50,15,7
Coco Gauff,20260802,Toronto,Hard,PM,R64,Kayla Day,6-2 7-5,68,28,12,84,20,19
Coco Gauff,20260813,Cincinnati,Hard,PM,F,Jessica Pegula,6-2 6-4,49,18,12,61,18,11
Coco Gauff,20260813,Cincinnati,Hard,PM,QF,Marta Kostyuk,6-2 6-2,43,18,9,60,18,7
Coco Gauff,20260813,Cincinnati,Hard,PM,R16,Marie Bouzkova,6-3 6-2,67,31,14,69,30,7
Coco Gauff,20260813,Cincinnati,Hard,PM,R32,Ann Li,6-1 7-6(3),72,28,18,70,23,13
Coco Gauff,20260813,Cincinnati,Hard,PM,R64,Liudmila Samsonova,2-6 6-4 6-1,82,44,10,79,32,16
Coco Gauff,20260813,Cincinnati,Hard,PM,SF,Sara Bejlek,6-4 6-1,41,20,8,57,16,9
Coco Gauff,20260831,US Open,Hard,G,SF,Elena Rybakina,3-6 6-4 6-4,94,32,25,76,32,19
Coco Gauff,20260831,US Open,Hard,G,QF,Mirra Andreeva,2-6 7-6(7) 6-2,103,44,16,86,36,15
Coco Gauff,20260831,US Open,Hard,G,R128,Zeynep Sonmez,6-3 6-4,66,29,16,52,18,10
Coco Gauff,20260831,US Open,Hard,G,R16,Iva Jovic,6-1 6-4,50,21,11,59,16,10
Coco Gauff,20260831,US Open,Hard,G,R32,Cristina Bucsa,6-3 6-4,55,20,16,71,24,11
Coco Gauff,20260831,US Open,Hard,G,R64,Paula Badosa,6-4 7-6(5),70,25,20,86,27,21
Coco Gauff,20260930,WTA Beijing,Hard,W,R32,Xinran Sun,,,,,,,
Coco Gauff,20260930,WTA Beijing,Hard,W,R64,Camila Osorio,7-6(4) 4-6 6-2,100,38,22,94,38,17
Elina Svitolina,20260105,Auckland,Hard,I,F,Xin Yu Wang,6-3 7-6(6),82,39,16,68,31,14
Elina Svitolina,20260105,Auckland,Hard,I,QF,Sonay Kartal,6-4 6-7(2) 7-6(5),105,49,17,101,49,16
Elina Svitolina,20260105,Auckland,Hard,I,R16,Katie Boulter,7-5 6-4,80,25,19,81,28,11
Elina Svitolina,20260105,Auckland,Hard,I,R32,Varvara Gracheva,6-3 6-1,48,22,8,66,21,7
Elina Svitolina,20260105,Auckland,Hard,I,SF,Iva Jovic,7-6(5) 6-2,69,27,13,65,23,8
Elina Svitolina,20260119,Australian Open,Hard,G,SF,Aryna Sabalenka,6-2 6-3,57,18,11,54,25,12
Elina Svitolina,20260119,Australian Open,Hard,G,QF,Coco Gauff,6-1 6-2,45,22,7,43,13,2
Elina Svitolina,20260119,Australian Open,Hard,G,R128,Cristina Bucsa,6-4 6-1,49,16,16,63,25,5
Elina Svitolina,20260119,Australian Open,Hard,G,R16,Mirra Andreeva,6-2 6-4,61,22,13,58,24,5
Elina Svitolina,20260119,Australian Open,Hard,G,R32,Diana Shnaider,7-6(4) 6-3,77,30,16,63,22,10
Elina Svitolina,20260119,Australian Open,Hard,G,R64,Linda Klimovicova,7-5 6-1,61,30,11,55,17,11
Elina Svitolina,20260208,Doha,Hard,PM,R16,Anna Kalinskaya,6-4 6-3,60,25,8,53,25,9
Elina Svitolina,20260208,Doha,Hard,PM,R32,Dayana Yastremska,6-1 6-4,44,19,10,61,19,7
Elina Svitolina,20260215,Dubai,Hard,PM,F,Jessica Pegula,6-2 6-4,66,25,9,48,26,9
Elina Svitolina,20260215,Dubai,Hard,PM,QF,Antonia Ruzic,3-6 6-2 6-3,81,32,13,67,21,16
Elina Svitolina,20260215,Dubai,Hard,PM,R16,Belinda Bencic,4-6 6-1 6-3,83,35,13,88,30,14
Elina Svitolina,20260215,Dubai,Hard,PM,R32,Paula Badosa,6-4 0-0 RET,31,10,10,28,8,7
Elina Svitolina,20260215,Dubai,Hard,PM,SF,Coco Gauff,6-4 6-7(13) 6-4,130,49,28,116,46,19
Elina Svitolina,20260304,Indian Wells,Hard,PM,SF,Elena Rybakina,7-5 6-4,85,32,15,75,36,11
Elina Svitolina,20260304,Indian Wells,Hard,PM,QF,Iga Swiatek,6-2 4-6 6-4,89,40,15,87,33,15
Elina Svitolina,20260304,Indian Wells,Hard,PM,R16,Katerina Siniakova,6-1 1-1 RET,27,11,9,24,6,6
Elina Svitolina,20260304,Indian Wells,Hard,PM,R32,Ashlyn Krueger,6-4 6-2,53,25,11,56,20,8
Elina Svitolina,20260304,Indian Wells,Hard,PM,R64,Laura Siegemund,7-6(5) 4-6 6-3,104,45,23,99,47,16
Elina Svitolina,20260317,Miami,Hard,PM,R32,Hailey Baptiste,6-3 7-5,58,15,13,78,29,17
Elina Svitolina,20260317,Miami,Hard,PM,R64,Emerson Jones,6-2 6-4,62,26,17,56,26,7
Elina Svitolina,20260727,Washington,Hard,P,QF,Alexandra Eala,6-3 6-4,81,26,13,54,24,5
Elina Svitolina,20260727,Washington,Hard,P,R16,Polina Kudermetova,7-6(4) 6-4,79,32,15,78,32,10
Elina Svitolina,20260802,Toronto,Hard,PM,SF,Iga Swiatek,6-3 1-6 6-3,77,29,12,103,41,14
Elina Svitolina,20260802,Toronto,Hard,PM,QF,Ekaterina Alexandrova,3-6 6-0 6-3,70,25,17,73,24,12
Elina Svitolina,20260802,Toronto,Hard,PM,R16,Amanda Anisimova,6-2 6-4,45,20,10,72,25,11
Elina Svitolina,20260802,Toronto,Hard,PM,R32,Anastasia Potapova,6-1 6-1,53,25,9,44,13,4
Elina Svitolina,20260802,Toronto,Hard,PM,R64,Jessica Bouzas Maneiro,6-7(5) 7-6(4) 6-4,124,36,27,124,39,20
Elina Svitolina,20260813,Cincinnati,Hard,PM,R32,Xiyu Wang,W/O,,,,,,
Elina Svitolina,20260813,Cincinnati,Hard,PM,R64,Tereza Valentova,3-6 7-6(5) 6-0,109,44,16,99,37,12
Elina Svitolina,20260831,US Open,Hard,G,R32,Anna Kalinskaya,6-3 2-6 6-3,81,19,20,76,27,14
Elina Svitolina,20260831,US Open,Hard,G,R128,Solana Sierra,6-1 6-2,45,24,10,39,13,4
Elina Svitolina,20260831,US Open,Hard,G,R64,Maya Joint,6-2 6-7(6) 6-4,98,42,17,96,32,15
Elina Svitolina,20260922,BJK Cup Finals,Hard,D,RR,Linda Noskova,6-3 7-6(5),,,,,,
Elina Svitolina,20260922,BJK Cup Finals,Hard,D,RR,Greet Minnen,6-7(5) 6-4 6-4,,,,,,
Elina Svitolina,20260922,BJK Cup Finals,Hard,D,RR,Jasmine Paolini,6-2 6-2,,,,,,
Elina Svitolina,20260930,WTA Beijing,Hard,W,R32,Maria Sakkari,,,,,,,
Elina Svitolina,20260930,WTA Beijing,Hard,W,R64,Katerina Siniakova,1-6 6-4 6-2,91,36,14,90,31,18
Karolina Muchova,20251006,Wuhan,Hard,PM,R32,Magdalena Frech,7-6(1) 4-1 RET,58,26,3,71,26,16
Karolina Muchova,20251006,Wuhan,Hard,PM,R64,Marta Kostyuk,2-6 6-2 6-4,85,37,15,94,34,19
Karolina Muchova,20251013,Ningbo,Hard,P,R16,Diana Shnaider,2-6 6-1 6-2,77,36,4,68,34,10
Karolina Muchova,20251013,Ningbo,Hard,P,R32,Marketa Vondrousova,6-4 6-3,57,19,18,69,23,12
Karolina Muchova,20251020,Tokyo,Hard,P,QF,Belinda Bencic,3-6 7-5 7-5,113,50,14,110,49,16
Karolina Muchova,20251020,Tokyo,Hard,P,R16,Maya Joint,6-3 7-5,52,30,7,71,24,13
Karolina Muchova,20251020,Tokyo,Hard,P,R32,Marketa Vondrousova,6-2 1-0 RET,36,18,6,32,13,3
Karolina Muchova,20260104,Brisbane,Hard,P,SF,Aryna Sabalenka,6-3 6-4,59,31,6,64,36,10
Karolina Muchova,20260104,Brisbane,Hard,P,QF,Elena Rybakina,6-2 2-6 6-4,69,37,10,91,33,20
Karolina Muchova,20260104,Brisbane,Hard,P,R16,Ekaterina Alexandrova,6-4 7-5,76,30,13,68,29,7
Karolina Muchova,20260104,Brisbane,Hard,P,R32,Ajla Tomljanovic,4-6 6-1 7-6(5),96,41,13,112,43,14
Karolina Muchova,20260119,Australian Open,Hard,G,R16,Coco Gauff,6-1 3-6 6-3,75,35,9,80,35,18
Karolina Muchova,20260119,Australian Open,Hard,G,R128,Jaqueline Cristian,6-3 7-6(6),71,26,19,81,28,15
Karolina Muchova,20260119,Australian Open,Hard,G,R32,Magda Linette,6-1 6-1,38,19,10,49,12,9
Karolina Muchova,20260119,Australian Open,Hard,G,R64,Alycia Parks,4-6 6-4 6-4,108,42,24,103,43,18
Karolina Muchova,20260208,Doha,Hard,PM,F,Victoria Mboko,6-4 7-5,59,31,11,75,28,16
Karolina Muchova,20260208,Doha,Hard,PM,QF,Anna Kalinskaya,6-3 6-4,55,26,12,59,20,12
Karolina Muchova,20260208,Doha,Hard,PM,R16,Karolina Pliskova,5-2 RET,19,10,4,26,9,3
Karolina Muchova,20260208,Doha,Hard,PM,R32,Tereza Valentova,6-1 6-4,40,18,12,64,26,6
Karolina Muchova,20260208,Doha,Hard,PM,R64,Jaqueline Cristian,6-2 6-3,61,30,9,55,22,6
Karolina Muchova,20260208,Doha,Hard,PM,SF,Maria Sakkari,3-6 6-4 6-1,72,30,13,90,31,17
Karolina Muchova,20260304,Indian Wells,Hard,PM,R16,Iga Swiatek,6-2 6-0,55,19,4,39,23,6
Karolina Muchova,20260304,Indian Wells,Hard,PM,R32,Antonia Ruzic,6-0 6-3,37,23,5,60,18,9
Karolina Muchova,20260304,Indian Wells,Hard,PM,R64,Anna Bondar,7-5 6-2,78,38,11,59,21,12
Karolina Muchova,20260317,Miami,Hard,PM,SF,Coco Gauff,6-1 6-1,61,21,4,55,27,7
Karolina Muchova,20260317,Miami,Hard,PM,QF,Victoria Mboko,7-5 7-6(5),83,42,16,76,42,10
Karolina Muchova,20260317,Miami,Hard,PM,R16,Alexandra Eala,6-0 6-2,36,20,8,42,8,10
Karolina Muchova,20260317,Miami,Hard,PM,R32,Katie Boulter,6-3 7-5,68,31,17,56,21,13
Karolina Muchova,20260317,Miami,Hard,PM,R64,Camila Osorio,4-6 6-2 7-5,81,37,17,119,50,15
Karolina Muchova,20260831,US Open,Hard,G,R32,Emma Navarro,6-3 7-5,62,19,11,75,27,17
Karolina Muchova,20260831,US Open,Hard,G,R128,Sinja Kraus,6-3 6-0,39,19,13,41,9,10
Karolina Muchova,20260831,US Open,Hard,G,R64,Katie Boulter,6-1 6-0,37,15,9,41,7,5
Karolina Muchova,20260922,BJK Cup Finals,Hard,D,RR,Anhelina Kalinina,6-2 6-3,,,,,,
Karolina Muchova,20260922,BJK Cup Finals,Hard,D,RR,Jessica Bouzas Maneiro,7-5 6-4,,,,,,
Karolina Muchova,20260930,WTA Beijing,Hard,W,R32,Liudmila Samsonova,,,,,,,
Karolina Muchova,20260930,WTA Beijing,Hard,W,R64,Katie Boulter,7-6(3) 6-1,52,22,17,60,19,12
Linda Noskova,20251006,Wuhan,Hard,PM,R16,Elena Rybakina,6-3 6-4,84,29,18,57,24,20
Linda Noskova,20251006,Wuhan,Hard,PM,R32,Naomi Osaka,7-6(2) 6-3,71,31,19,55,23,15
Linda Noskova,20251006,Wuhan,Hard,PM,R64,Yulia Putintseva,6-4 4-6 7-6(2),124,44,26,107,43,16
Linda Noskova,20251013,Osaka,Hard,I,R32,Katie Boulter,7-6(3) 6-3,64,24,7,70,29,13
Linda Noskova,20251020,Tokyo,Hard,P,F,Belinda Bencic,6-2 6-3,51,19,9,69,37,9
Linda Noskova,20251020,Tokyo,Hard,P,QF,Anna Kalinskaya,6-0 1-0 RET,31,15,7,21,4,3
Linda Noskova,20251020,Tokyo,Hard,P,R16,Mccartney Kessler,5-7 6-3 6-4,99,46,15,95,44,13
Linda Noskova,20251020,Tokyo,Hard,P,SF,Elena Rybakina,W/O,,,,,,
Linda Noskova,20251114,BJK Cup Playoffs,Hard,D,RR,Camila Osorio,6-2 6-2,,,,,,
Linda Noskova,20251114,BJK Cup Playoffs,Hard,D,RR,Antonia Ruzic,7-5 6-4,,,,,,
Linda Noskova,20260104,Brisbane,Hard,P,R16,Mirra Andreeva,5-7 6-4 7-5,107,45,23,107,47,22
Linda Noskova,20260104,Brisbane,Hard,P,R32,Magdalena Frech,6-7(5) 6-4 6-4,116,45,29,97,49,12
Linda Noskova,20260119,Australian Open,Hard,G,R32,Xin Yu Wang,7-5 6-4,61,27,10,71,29,16
Linda Noskova,20260119,Australian Open,Hard,G,R128,Darja Semenistaja,6-3 6-0,43,21,7,50,16,4
Linda Noskova,20260119,Australian Open,Hard,G,R64,Taylah Preston,6-2 4-6 6-2,89,30,22,80,26,15
Linda Noskova,20260208,Doha,Hard,PM,R32,Varvara Gracheva,6-2 2-6 7-5,92,41,12,85,40,12
Linda Noskova,20260208,Doha,Hard,PM,R64,Maya Joint,6-4 6-0,56,20,16,42,12,9
Linda Noskova,20260215,Dubai,Hard,PM,R32,Sorana Cirstea,6-1 6-4,59,24,8,49,25,12
Linda Noskova,20260215,Dubai,Hard,PM,R64,Ann Li,6-3 5-7 6-4,99,36,27,101,44,17
Linda Noskova,20260304,Indian Wells,Hard,PM,SF,Aryna Sabalenka,6-3 6-4,78,28,14,58,28,12
Linda Noskova,20260304,Indian Wells,Hard,PM,QF,Talia Gibson,6-2 4-6 6-2,72,37,13,74,31,11
Linda Noskova,20260304,Indian Wells,Hard,PM,R16,Alexandra Eala,6-2 6-0,38,17,13,44,9,9
Linda Noskova,20260304,Indian Wells,Hard,PM,R32,Sorana Cirstea,6-7(5) 6-4 6-4,99,43,25,116,43,30
Linda Noskova,20260304,Indian Wells,Hard,PM,R64,Jessica Bouzas Maneiro,6-3 6-3,56,30,8,60,15,14
Linda Noskova,20260317,Miami,Hard,PM,R64,Sorana Cirstea,6-2 3-6 6-4,89,30,19,91,38,16
Linda Noskova,20260802,Toronto,Hard,PM,R64,Caty Mcnally,7-6(5) 6-1,63,19,12,69,30,12
Linda Noskova,20260813,Cincinnati,Hard,PM,R16,Amanda Anisimova,6-1 6-4,53,23,5,44,23,14
Linda Noskova,20260813,Cincinnati,Hard,PM,R32,Clara Tauson,7-6(3) 6-2,70,36,9,73,26,14
Linda Noskova,20260813,Cincinnati,Hard,PM,R64,Katie Boulter,6-3 6-3,49,25,9,61,21,11
Linda Noskova,20260831,US Open,Hard,G,QF,Aryna Sabalenka,7-6(1) 3-6 7-6(7),123,58,20,95,48,20
Linda Noskova,20260831,US Open,Hard,G,R128,Katie Volynets,7-5 6-1,72,29,12,69,18,13
Linda Noskova,20260831,US Open,Hard,G,R16,Marta Kostyuk,7-5 5-7 6-4,116,44,24,93,43,13
Linda Noskova,20260831,US Open,Hard,G,R32,Ann Li,6-2 6-7(6) 6-2,95,38,23,106,32,25
Linda Noskova,20260831,US Open,Hard,G,R64,Lanlana Tararudee,6-4 6-2,66,32,12,55,20,12
Linda Noskova,20260922,BJK Cup Finals,Hard,D,RR,Katie Boulter,6-2 7-6(3),,,,,,
Linda Noskova,20260922,BJK Cup Finals,Hard,D,RR,Elina Svitolina,6-3 7-6(5),,,,,,
Linda Noskova,20260922,BJK Cup Finals,Hard,D,RR,Cristina Bucsa,7-6(5) 6-2,,,,,,
Linda Noskova,20260930,WTA Beijing,Hard,W,R16,Ekaterina Alexandrova,,,,,,,
Linda Noskova,20260930,WTA Beijing,Hard,W,R32,Viktorija Golubic,6-2 6-1,,,,,,
Linda Noskova,20260930,WTA Beijing,Hard,W,R64,Elena Gabriela Ruse,6-4 6-1,64,28,12,53,17,9
Marta Kostyuk,20251006,Wuhan,Hard,PM,R64,Karolina Muchova,2-6 6-2 6-4,94,34,19,85,37,15
Marta Kostyuk,20260104,Brisbane,Hard,P,F,Aryna Sabalenka,6-4 6-3,58,19,14,52,26,12
Marta Kostyuk,20260104,Brisbane,Hard,P,QF,Mirra Andreeva,7-6(7) 6-3,74,33,14,82,33,12
Marta Kostyuk,20260104,Brisbane,Hard,P,R16,Amanda Anisimova,6-4 6-3,60,31,8,68,28,8
Marta Kostyuk,20260104,Brisbane,Hard,P,R32,Yulia Putintseva,6-7(5) 6-1 6-0,76,36,15,75,34,4
Marta Kostyuk,20260104,Brisbane,Hard,P,SF,Jessica Pegula,6-0 6-3,45,22,13,37,10,7
Marta Kostyuk,20260119,Australian Open,Hard,G,R128,Elsa Jacquemot,6-7(4) 7-6(4) 7-6(7),134,58,26,160,73,25
Marta Kostyuk,20260304,Indian Wells,Hard,PM,R32,Elena Rybakina,6-4 6-4,62,22,10,64,25,13
Marta Kostyuk,20260304,Indian Wells,Hard,PM,R64,Taylor Townsend,6-3 6-2,60,32,5,55,20,7
Marta Kostyuk,20260317,Miami,Hard,PM,R32,Elena Rybakina,6-3 6-4,58,22,14,59,28,15
Marta Kostyuk,20260317,Miami,Hard,PM,R64,Kamilla Rakhimova,6-2 6-4,46,19,8,53,16,8
Marta Kostyuk,20260802,Toronto,Hard,PM,R16,Iga Swiatek,3-6 6-1 6-2,70,19,13,89,31,16
Marta Kostyuk,20260802,Toronto,Hard,PM,R32,Madison Keys,6-3 6-1,61,30,11,50,19,7
Marta Kostyuk,20260802,Toronto,Hard,PM,R64,Katherine Sebov,7-6(4) 6-0,56,16,18,57,17,7
Marta Kostyuk,20260813,Cincinnati,Hard,PM,QF,Coco Gauff,6-2 6-2,60,18,7,43,18,9
Marta Kostyuk,20260813,Cincinnati,Hard,PM,R16,Mirra Andreeva,4-6 6-0 6-2,71,31,17,66,24,13
Marta Kostyuk,20260813,Cincinnati,Hard,PM,R32,Sloane Stephens,7-5 7-5,66,25,15,66,22,11
Marta Kostyuk,20260813,Cincinnati,Hard,PM,R64,Sofia Kenin,4-6 6-3 7-5,116,47,23,80,38,11
Marta Kostyuk,20260831,US Open,Hard,G,R16,Linda Noskova,7-5 5-7 6-4,93,43,13,116,44,24
Marta Kostyuk,20260831,US Open,Hard,G,R128,Storm Hunter,6-4 6-1,53,25,11,49,17,8
Marta Kostyuk,20260831,US Open,Hard,G,R32,Ekaterina Alexandrova,6-3 6-2,54,21,14,61,19,10
Marta Kostyuk,20260831,US Open,Hard,G,R64,Sloane Stephens,6-1 7-5,65,28,14,65,27,7
Marta Kostyuk,20260913,Guadalajara,Hard,P,QF,Liudmila Samsonova,4-6 6-2 7-5,103,41,14,105,46,15
Marta Kostyuk,20260913,Guadalajara,Hard,P,R16,Taylor Townsend,W/O,,,,,,
Iga Swiatek,20251006,Wuhan,Hard,PM,QF,Jasmine Paolini,6-1 6-2,38,11,2,39,19,8
Iga Swiatek,20251006,Wuhan,Hard,PM,R16,Belinda Bencic,7-6(2) 6-4,63,32,10,86,33,12
Iga Swiatek,20251006,Wuhan,Hard,PM,R32,Marie Bouzkova,6-1 6-1,46,25,4,51,12,8
Iga Swiatek,20251101,Riyadh Finals,Hard,F,RR,Elena Rybakina,3-6 6-1 6-0,71,32,7,61,29,14
Iga Swiatek,20251101,Riyadh Finals,Hard,F,RR,Amanda Anisimova,6-7(3) 6-4 6-2,111,52,18,99,46,20
Iga Swiatek,20251101,Riyadh Finals,Hard,F,RR,Madison Keys,6-1 6-2,45,23,9,42,14,2
Iga Swiatek,20251114,BJK Cup Playoffs,Hard,D,RR,Elyse Tse,6-0 6-1,,,,,,
Iga Swiatek,20251114,BJK Cup Playoffs,Hard,D,RR,Gabriela Lee,6-2 6-0,,,,,,
Iga Swiatek,20260105,United Cup,Hard,I,F,Belinda Bencic,3-6 6-0 6-3,,,,,,
Iga Swiatek,20260105,United Cup,Hard,I,SF,Coco Gauff,6-4 6-2,,,,,,
Iga Swiatek,20260105,United Cup,Hard,I,QF,Maya Joint,6-1 6-1,,,,,,
Iga Swiatek,20260105,United Cup,Hard,I,RR,Eva Lys,3-6 6-3 6-4,,,,,,
Iga Swiatek,20260105,United Cup,Hard,I,RR,Suzan Lamens,6-3 6-2,,,,,,
Iga Swiatek,20260119,Australian Open,Hard,G,QF,Elena Rybakina,7-5 6-1,55,18,10,59,23,17
Iga Swiatek,20260119,Australian Open,Hard,G,R128,Yue Yuan,7-6(5) 6-3,72,31,12,82,29,13
Iga Swiatek,20260119,Australian Open,Hard,G,R16,Maddison Inglis,6-0 6-3,43,20,12,49,14,7
Iga Swiatek,20260119,Australian Open,Hard,G,R32,Anna Kalinskaya,6-1 1-6 6-1,68,27,14,68,23,12
Iga Swiatek,20260119,Australian Open,Hard,G,R64,Marie Bouzkova,6-2 6-3,56,27,9,50,14,9
Iga Swiatek,20260208,Doha,Hard,PM,QF,Maria Sakkari,2-6 6-4 7-5,83,35,14,102,50,8
Iga Swiatek,20260208,Doha,Hard,PM,R16,Daria Kasatkina,5-7 6-1 6-1,92,38,15,90,34,7
Iga Swiatek,20260208,Doha,Hard,PM,R32,Janice Tjen,6-0 6-3,40,17,13,47,12,8
Iga Swiatek,20260304,Indian Wells,Hard,PM,QF,Elina Svitolina,6-2 4-6 6-4,87,33,15,89,40,15
Iga Swiatek,20260304,Indian Wells,Hard,PM,R16,Karolina Muchova,6-2 6-0,39,23,6,55,19,4
Iga Swiatek,20260304,Indian Wells,Hard,PM,R32,Maria Sakkari,6-3 6-2,60,26,12,62,24,4
Iga Swiatek,20260304,Indian Wells,Hard,PM,R64,Kayla Day,6-0 7-6(2),70,27,17,55,18,8
Iga Swiatek,20260317,Miami,Hard,PM,R64,Magda Linette,1-6 7-5 6-3,81,37,19,88,38,19
Iga Swiatek,20260802,Toronto,Hard,PM,F,Elena Rybakina,6-2 6-3,46,28,5,51,19,9
Iga Swiatek,20260802,Toronto,Hard,PM,QF,Diana Shnaider,6-2 6-1,38,23,5,55,20,5
Iga Swiatek,20260802,Toronto,Hard,PM,R16,Marta Kostyuk,3-6 6-1 6-2,89,31,16,70,19,13
Iga Swiatek,20260802,Toronto,Hard,PM,R32,Viktorija Golubic,6-2 6-1,41,22,7,42,12,5
Iga Swiatek,20260802,Toronto,Hard,PM,R64,Sara Bejlek,6-0 6-3,72,35,8,59,18,7
Iga Swiatek,20260802,Toronto,Hard,PM,SF,Elina Svitolina,6-3 1-6 6-3,103,41,14,77,29,12
Iga Swiatek,20260813,Cincinnati,Hard,PM,SF,Jessica Pegula,7-5 4-6 6-4,128,53,13,101,37,18
Iga Swiatek,20260813,Cincinnati,Hard,PM,QF,Elena Rybakina,4-1 RET,18,10,3,18,6,3
Iga Swiatek,20260813,Cincinnati,Hard,PM,R16,Diane Parry,6-3 6-3,53,27,8,59,19,11
Iga Swiatek,20260813,Cincinnati,Hard,PM,R32,Maria Sakkari,4-6 6-1 6-1,78,41,11,67,25,13
Iga Swiatek,20260813,Cincinnati,Hard,PM,R64,Emiliana Arango,6-3 6-0,53,26,10,40,11,4
Iga Swiatek,20260831,US Open,Hard,G,R16,Qinwen Zheng,7-5 6-3,80,32,11,58,20,18
Iga Swiatek,20260831,US Open,Hard,G,R128,Xiyu Wang,6-2 6-3,47,28,8,55,20,10
Iga Swiatek,20260831,US Open,Hard,G,R32,Marie Bouzkova,7-6(3) 7-6(3),95,42,14,82,39,8
Iga Swiatek,20260831,US Open,Hard,G,R64,Nadia Podoroska,6-3 6-2,52,32,8,49,17,11
Iga Swiatek,20260930,WTA Beijing,Hard,W,R32,Donna Vekic,,,,,,,
Iga Swiatek,20260930,WTA Beijing,Hard,W,R64,Xinyu Gao,6-2 6-3,47,24,7,54,17,8
Iva Jovic,20251006,Wuhan,Hard,PM,R16,Katerina Siniakova,7-5 6-3,70,30,8,69,37,9
Iva Jovic,20251006,Wuhan,Hard,PM,Q2,Varvara Gracheva,3-6 6-4 6-2,96,42,11,85,34,19
Iva Jovic,20251006,Wuhan,Hard,PM,R32,Jessica Bouzas Maneiro,6-4 6-4,48,16,14,59,16,15
Iva Jovic,20251006,Wuhan,Hard,PM,Q1,Kamilla Rakhimova,6-3 6-4,57,31,12,63,27,11
Iva Jovic,20251103,Austin 125,Hard,C,SF,Marina Stakusic,6-3 6-4,72,28,7,79,28,18
Iva Jovic,20251103,Austin 125,Hard,C,QF,Mary Stoiana,6-0 6-1,43,22,9,43,8,8
Iva Jovic,20251103,Austin 125,Hard,C,R16,Anastasia Gasanova,6-1 4-6 6-4,87,34,17,89,29,16
Iva Jovic,20251103,Austin 125,Hard,C,R32,Anna Lena Friedsam,6-2 6-1,45,20,12,70,26,8
Iva Jovic,20260105,Auckland,Hard,I,SF,Elina Svitolina,7-6(5) 6-2,65,23,8,69,27,13
Iva Jovic,20260105,Auckland,Hard,I,QF,Sofia Costoulas,6-2 7-6(6),82,36,12,65,20,12
Iva Jovic,20260105,Auckland,Hard,I,R16,Sara Bejlek,7-6(3) 6-4,66,28,9,75,24,10
Iva Jovic,20260105,Auckland,Hard,I,R32,Gabriela Andrea Knutson,4-6 6-1 6-0,66,32,15,60,21,9
Iva Jovic,20260112,Hobart,Hard,I,F,Elisabetta Cocciaretto,6-4 6-4,67,23,13,53,20,16
Iva Jovic,20260112,Hobart,Hard,I,QF,Magda Linette,6-3 6-7(5) 6-2,125,46,25,94,34,16
Iva Jovic,20260112,Hobart,Hard,I,R16,Renata Zarazua,6-1 6-2,47,24,11,44,15,6
Iva Jovic,20260112,Hobart,Hard,I,R32,Janice Tjen,6-0 6-1,40,23,5,35,10,3
Iva Jovic,20260112,Hobart,Hard,I,SF,Taylah Preston,4-6 6-4 6-1,79,32,13,99,38,10
Iva Jovic,20260119,Australian Open,Hard,G,QF,Aryna Sabalenka,6-3 6-0,56,18,9,56,30,8
Iva Jovic,20260119,Australian Open,Hard,G,R128,Katie Volynets,6-2 6-3,46,18,15,62,21,9
Iva Jovic,20260119,Australian Open,Hard,G,R16,Yulia Putintseva,6-0 6-1,38,18,8,36,6,5
Iva Jovic,20260119,Australian Open,Hard,G,R32,Jasmine Paolini,6-2 7-6(3),59,20,14,71,23,10
Iva Jovic,20260119,Australian Open,Hard,G,R64,Priscilla Hon,6-1 6-2,41,22,8,52,13,9
Iva Jovic,20260215,Dubai,Hard,PM,R16,Jessica Pegula,6-4 6-2,59,20,15,48,29,8
Iva Jovic,20260215,Dubai,Hard,PM,R32,Diana Shnaider,6-4 1-6 6-0,57,20,14,92,36,10
Iva Jovic,20260215,Dubai,Hard,PM,R64,Kamilla Rakhimova,6-1 1-6 6-1,66,28,14,77,27,12
Iva Jovic,20260223,Austin,Hard,I,R16,Ajla Tomljanovic,4-6 6-4 6-4,98,37,19,85,43,16
Iva Jovic,20260223,Austin,Hard,I,R32,Anna Blinkova,6-3 6-4,61,30,15,55,19,15
Iva Jovic,20260304,Indian Wells,Hard,PM,R64,Camila Osorio,4-6 7-6(4) 6-3,101,45,14,116,47,22
Iva Jovic,20260317,Miami,Hard,PM,R32,Talia Gibson,6-2 6-2,53,16,12,42,20,13
Iva Jovic,20260317,Miami,Hard,PM,R64,Paula Badosa,6-2 6-1,52,25,8,58,21,4
Iva Jovic,20260802,Toronto,Hard,PM,R32,Alina Korneeva,6-3 6-4,55,17,5,48,23,4
Iva Jovic,20260802,Toronto,Hard,PM,R64,Magda Linette,6-3 7-5,64,25,18,57,15,16
Iva Jovic,20260813,Cincinnati,Hard,PM,R32,Marie Bouzkova,7-6(0) 7-6(5),88,27,21,81,33,16
Iva Jovic,20260813,Cincinnati,Hard,PM,R64,Tamara Korpatsch,6-4 6-3,54,28,12,53,23,7
Iva Jovic,20260831,US Open,Hard,G,R16,Coco Gauff,6-1 6-4,59,16,10,50,21,11
Iva Jovic,20260831,US Open,Hard,G,R128,Magdalena Frech,7-5 6-3,71,31,10,75,15,20
Iva Jovic,20260831,US Open,Hard,G,R32,Alexandra Eala,7-5 3-6 7-5,105,38,18,109,39,14
Iva Jovic,20260831,US Open,Hard,G,R64,Francesca Jones,6-4 6-4,57,20,18,80,22,21
Iva Jovic,20260913,Guadalajara,Hard,P,F,Peyton Stearns,6-4 6-2,57,24,16,51,18,12
Iva Jovic,20260913,Guadalajara,Hard,P,QF,Magdalena Frech,6-2 6-1,65,28,16,48,18,5
Iva Jovic,20260913,Guadalajara,Hard,P,R16,Zeynep Sonmez,7-6(5) 6-4,65,21,15,89,34,15
Iva Jovic,20260913,Guadalajara,Hard,P,SF,Cristina Bucsa,6-4 6-1,74,31,13,58,22,7
Iva Jovic,20260930,WTA Beijing,Hard,W,R32,Kamilla Rakhimova,,,,,,,
Iva Jovic,20260930,WTA Beijing,Hard,W,R64,Harriet Dart,2-6 6-3 6-3,104,43,14,87,31,15
Victoria Mboko,20251006,Wuhan,Hard,PM,R64,Ekaterina Alexandrova,6-3 6-2,56,16,14,60,22,17
Victoria Mboko,20251013,Ningbo,Hard,P,R32,Dayana Yastremska,6-3 7-6(3),82,26,11,88,26,22
Victoria Mboko,20251020,Tokyo,Hard,P,QF,Elena Rybakina,6-3 7-6(4),65,40,3,65,30,21
Victoria Mboko,20251020,Tokyo,Hard,P,R16,Eva Lys,6-1 6-1,38,26,4,54,19,6
Victoria Mboko,20251020,Tokyo,Hard,P,R32,Bianca Andreescu,6-3 6-3,51,27,8,52,18,11
Victoria Mboko,20251027,Hong Kong,Hard,I,F,Cristina Bucsa,7-5 6-7(9) 6-2,127,53,24,125,51,19
Victoria Mboko,20251027,Hong Kong,Hard,I,QF,Anna Kalinskaya,6-1 3-1 RET,42,24,5,34,9,7
Victoria Mboko,20251027,Hong Kong,Hard,I,R16,Alexandra Eala,3-6 6-3 6-4,105,49,15,85,38,10
Victoria Mboko,20251027,Hong Kong,Hard,I,R32,Talia Gibson,6-7(2) 6-1 6-4,93,56,9,81,42,13
Victoria Mboko,20251027,Hong Kong,Hard,I,SF,Leylah Fernandez,2-6 6-3 6-2,76,39,9,66,27,14
Victoria Mboko,20251114,BJK Cup Playoffs,Hard,D,RR,Renata Zarazua,6-1 6-1,,,,,,
Victoria Mboko,20251114,BJK Cup Playoffs,Hard,D,RR,Johanne Christine Svendsen,7-5 6-3,,,,,,
Victoria Mboko,20260105,United Cup,Hard,I,RR,Elise Mertens,6-3 3-6 6-3,,,,,,
Victoria Mboko,20260105,United Cup,Hard,I,RR,Lin Zhu,2-6 6-2 6-0,,,,,,
Victoria Mboko,20260112,Adelaide,Hard,P,F,Mirra Andreeva,6-3 6-1,55,19,5,41,24,6
Victoria Mboko,20260112,Adelaide,Hard,P,QF,Madison Keys,6-4 4-6 6-2,85,33,16,95,36,15
Victoria Mboko,20260112,Adelaide,Hard,P,R16,Anna Kalinskaya,6-2 3-6 7-6(6),102,44,15,106,42,15
Victoria Mboko,20260112,Adelaide,Hard,P,R32,Beatriz Haddad Maia,5-7 6-3 6-2,78,41,10,87,31,15
Victoria Mboko,20260112,Adelaide,Hard,P,SF,Kimberly Birrell,6-2 6-1,40,24,6,46,14,6
Victoria Mboko,20260119,Australian Open,Hard,G,R16,Aryna Sabalenka,6-1 7-6(1),53,18,7,78,34,13
Victoria Mboko,20260119,Australian Open,Hard,G,R128,Emerson Jones,6-4 6-1,47,23,10,70,27,9
Victoria Mboko,20260119,Australian Open,Hard,G,R32,Clara Tauson,7-6(5) 5-7 6-3,99,42,17,102,39,21
Victoria Mboko,20260119,Australian Open,Hard,G,R64,Caty Mcnally,6-4 6-3,59,21,14,66,26,6
Victoria Mboko,20260208,Doha,Hard,PM,F,Karolina Muchova,6-4 7-5,75,28,16,59,31,11
Victoria Mboko,20260208,Doha,Hard,PM,QF,Elena Rybakina,7-5 4-6 6-4,108,50,13,106,43,17
Victoria Mboko,20260208,Doha,Hard,PM,R16,Mirra Andreeva,6-3 3-6 7-6(5),86,41,9,104,43,15
Victoria Mboko,20260208,Doha,Hard,PM,R32,Vera Zvonareva,6-4 6-4,64,30,10,76,31,8
Victoria Mboko,20260208,Doha,Hard,PM,R64,Marie Bouzkova,7-5 6-2,66,29,9,69,27,6
Victoria Mboko,20260208,Doha,Hard,PM,SF,Jelena Ostapenko,6-3 6-2,56,24,9,55,18,7
Victoria Mboko,20260304,Indian Wells,Hard,PM,QF,Aryna Sabalenka,7-6(0) 6-4,82,35,15,84,36,21
Victoria Mboko,20260304,Indian Wells,Hard,PM,R16,Amanda Anisimova,6-4 6-1,47,27,7,69,29,5
Victoria Mboko,20260304,Indian Wells,Hard,PM,R32,Anna Kalinskaya,6-4 6-1,50,24,14,43,20,5
Victoria Mboko,20260304,Indian Wells,Hard,PM,R64,Kimberly Birrell,6-4 7-6(5),65,31,9,75,27,12
Victoria Mboko,20260317,Miami,Hard,PM,QF,Karolina Muchova,7-5 7-6(5),76,42,10,83,42,16
Victoria Mboko,20260317,Miami,Hard,PM,R16,Mirra Andreeva,7-6(4) 4-6 6-0,93,51,12,104,38,24
Victoria Mboko,20260317,Miami,Hard,PM,R32,Anastasia Zakharova,6-1 7-5,62,33,12,68,28,10
Victoria Mboko,20260317,Miami,Hard,PM,R64,Anna Blinkova,6-2 6-0,49,18,13,39,7,5
Sorana Cirstea,20251006,Wuhan,Hard,PM,R32,Shuai Zhang,6-4 3-6 6-4,100,42,17,90,35,19
Sorana Cirstea,20251006,Wuhan,Hard,PM,R64,Jelena Ostapenko,6-0 2-1 RET,25,9,7,22,1,4
Sorana Cirstea,20251013,Osaka,Hard,I,SF,Leylah Fernandez,6-1 2-6 6-4,75,21,16,77,33,10
Sorana Cirstea,20251013,Osaka,Hard,I,QF,Viktorija Golubic,6-2 2-6 6-2,64,28,15,78,33,10
Sorana Cirstea,20251013,Osaka,Hard,I,R16,Katie Boulter,6-3 6-1,44,14,14,48,14,6
Sorana Cirstea,20251013,Osaka,Hard,I,R32,Moyuka Uchijima,2-6 6-4 6-2,76,31,11,79,27,14
Sorana Cirstea,20251027,Hong Kong,Hard,I,QF,Leylah Fernandez,6-4 6-4,73,31,9,68,32,12
Sorana Cirstea,20251027,Hong Kong,Hard,I,R16,Ajla Tomljanovic,4-6 6-4 6-3,114,48,19,86,38,10
Sorana Cirstea,20251027,Hong Kong,Hard,I,R32,Dalma Galfi,7-5 6-3,55,30,9,66,27,10
Sorana Cirstea,20260104,Brisbane,Hard,P,R16,Aryna Sabalenka,6-3 6-3,68,20,15,48,25,8
Sorana Cirstea,20260104,Brisbane,Hard,P,R32,Jelena Ostapenko,6-2 7-6(5),67,30,16,71,29,11
Sorana Cirstea,20260104,Brisbane,Hard,P,R64,Anastasia Pavlyuchenkova,6-3 6-1,44,25,7,44,17,4
Sorana Cirstea,20260112,Adelaide,Hard,P,Q1,Ulrikke Eikeri,6-3 6-3,50,17,10,67,18,10
Sorana Cirstea,20260112,Adelaide,Hard,P,Q2,Kamilla Rakhimova,7-6(5) 6-3,95,34,20,69,24,14
Sorana Cirstea,20260119,Australian Open,Hard,G,R64,Naomi Osaka,6-3 4-6 6-2,73,26,16,83,37,16
Sorana Cirstea,20260119,Australian Open,Hard,G,R128,Eva Lys,3-6 6-4 6-3,101,38,20,89,37,14
Sorana Cirstea,20260201,Cluj-Napoca,Hard,I,F,Emma Raducanu,6-0 6-2,37,16,10,52,18,2
Sorana Cirstea,20260201,Cluj-Napoca,Hard,I,QF,Anastasia Potapova,7-5 6-4,71,27,20,109,39,19
Sorana Cirstea,20260201,Cluj-Napoca,Hard,I,R16,Tamara Zidansek,6-1 6-0,37,16,12,34,7,4
Sorana Cirstea,20260201,Cluj-Napoca,Hard,I,R32,Kamilla Rakhimova,6-4 6-4,69,33,9,67,22,11
Sorana Cirstea,20260201,Cluj-Napoca,Hard,I,SF,Daria Snigur,6-0 6-3,46,21,13,44,14,6
Sorana Cirstea,20260215,Dubai,Hard,PM,R16,Alexandra Eala,7-5 6-4,71,25,15,70,32,14
Sorana Cirstea,20260215,Dubai,Hard,PM,R32,Linda Noskova,6-1 6-4,49,25,12,59,24,8
Sorana Cirstea,20260215,Dubai,Hard,PM,R64,Aliaksandra Sasnovich,6-3 7-6(6),83,32,19,68,22,13
Sorana Cirstea,20260304,Indian Wells,Hard,PM,R32,Linda Noskova,6-7(5) 6-4 6-4,116,43,30,99,43,25
Sorana Cirstea,20260304,Indian Wells,Hard,PM,R128,Tatjana Maria,6-4 4-6 6-3,77,31,20,90,36,13
Sorana Cirstea,20260304,Indian Wells,Hard,PM,R64,Diana Shnaider,6-2 7-6(0),66,30,18,69,36,7
Sorana Cirstea,20260317,Miami,Hard,PM,R16,Coco Gauff,6-4 3-6 6-2,91,32,13,82,40,6
Sorana Cirstea,20260317,Miami,Hard,PM,R128,Shuai Zhang,6-3 6-4,69,32,9,57,18,11
Sorana Cirstea,20260317,Miami,Hard,PM,R32,Elise Mertens,6-3 6-2,66,27,14,48,17,10
Sorana Cirstea,20260317,Miami,Hard,PM,R64,Linda Noskova,6-2 3-6 6-4,91,38,16,89,30,19
Sorana Cirstea,20260802,Toronto,Hard,PM,R64,Maya Joint,6-4 6-4,51,19,8,92,29,22
Sorana Cirstea,20260813,Cincinnati,Hard,PM,R16,Jessica Pegula,6-2 4-6 7-5,97,34,16,96,43,12
Sorana Cirstea,20260813,Cincinnati,Hard,PM,R32,Anna Kalinskaya,6-7(4) 6-1 5-0 RET,77,37,11,79,26,15
Sorana Cirstea,20260813,Cincinnati,Hard,PM,R64,Nikola Bartunkova,7-6(5) 6-3,91,40,15,77,29,16
Sorana Cirstea,20260831,US Open,Hard,G,R16,Jessica Pegula,6-3 6-4,70,17,12,61,19,14
Sorana Cirstea,20260831,US Open,Hard,G,R128,Julia Grabher,6-3 6-0,58,24,12,53,12,8
Sorana Cirstea,20260831,US Open,Hard,G,R32,Jasmine Paolini,6-3 6-3,50,25,8,68,25,6
Sorana Cirstea,20260831,US Open,Hard,G,R64,Diane Parry,6-2 7-5,80,40,10,69,24,12
Diana Shnaider,20251006,Wuhan,Hard,PM,R64,Katerina Siniakova,6-4 6-4,66,23,13,51,28,7
Diana Shnaider,20251013,Ningbo,Hard,P,SF,Ekaterina Alexandrova,6-3 6-4,53,18,10,82,35,15
Diana Shnaider,20251013,Ningbo,Hard,P,QF,Lin Zhu,2-6 6-3 6-1,70,33,10,70,28,6
Diana Shnaider,20251013,Ningbo,Hard,P,R16,Karolina Muchova,2-6 6-1 6-2,68,34,10,77,36,4
Diana Shnaider,20251013,Ningbo,Hard,P,R32,Xiyu Wang,7-5 6-3,76,27,17,63,24,10
Diana Shnaider,20251020,Tokyo,Hard,P,R16,Anna Kalinskaya,7-6(4) 2-6 7-6(5),109,52,13,113,50,14
Diana Shnaider,20251020,Tokyo,Hard,P,R32,Dayana Yastremska,6-3 6-1,49,19,10,47,13,7
Diana Shnaider,20260104,Brisbane,Hard,P,R16,Madison Keys,6-7(5) 7-6(5) 7-6(4),124,56,16,124,55,17
Diana Shnaider,20260104,Brisbane,Hard,P,R32,Anastasia Potapova,6-1 6-3,58,32,6,52,18,5
Diana Shnaider,20260112,Adelaide,Hard,P,SF,Mirra Andreeva,6-3 6-2,61,23,5,58,24,12
Diana Shnaider,20260112,Adelaide,Hard,P,QF,Emma Navarro,6-3 6-3,57,30,8,59,22,9
Diana Shnaider,20260112,Adelaide,Hard,P,R16,Katerina Siniakova,6-1 2-6 7-5,85,34,18,78,32,12
Diana Shnaider,20260112,Adelaide,Hard,P,R32,Leylah Fernandez,7-5 6-3,71,35,15,68,31,12
Diana Shnaider,20260119,Australian Open,Hard,G,R32,Elina Svitolina,7-6(4) 6-3,63,22,10,77,30,16
Diana Shnaider,20260119,Australian Open,Hard,G,R128,Barbora Krejcikova,2-6 6-3 6-3,87,37,15,98,38,19
Diana Shnaider,20260119,Australian Open,Hard,G,R64,Talia Gibson,3-6 7-5 6-3,96,39,17,99,33,20
Diana Shnaider,20260208,Doha,Hard,PM,R64,Alycia Parks,1-6 6-4 7-6(5),117,58,17,109,45,21
Diana Shnaider,20260215,Dubai,Hard,PM,R32,Iva Jovic,6-4 1-6 6-0,92,36,10,57,20,14
Diana Shnaider,20260215,Dubai,Hard,PM,R64,Maya Joint,6-4 6-1,51,23,7,55,17,8
Diana Shnaider,20260304,Indian Wells,Hard,PM,R64,Sorana Cirstea,6-2 7-6(0),69,36,7,66,30,18
Diana Shnaider,20260317,Miami,Hard,PM,R32,Belinda Bencic,6-3 6-3,54,29,3,59,28,12
Diana Shnaider,20260317,Miami,Hard,PM,R64,Tereza Valentova,7-6(7) 7-6(3),89,38,16,104,42,17
Diana Shnaider,20260727,Washington,Hard,P,SF,Jessica Pegula,7-5 6-4,64,24,8,66,25,15
Diana Shnaider,20260727,Washington,Hard,P,QF,Liudmila Samsonova,6-3 6-4,57,28,12,65,22,14
Diana Shnaider,20260727,Washington,Hard,P,R16,Anastasia Potapova,6-1 6-2,40,16,9,38,9,2
Diana Shnaider,20260802,Toronto,Hard,PM,QF,Iga Swiatek,6-2 6-1,55,20,5,38,23,5
Diana Shnaider,20260802,Toronto,Hard,PM,R16,Jessica Pegula,6-3 6-3,55,26,12,56,26,6
Diana Shnaider,20260802,Toronto,Hard,PM,R32,Anna Kalinskaya,6-3 6-3,55,24,10,54,19,8
Diana Shnaider,20260802,Toronto,Hard,PM,R64,Rebecca Sramkova,6-2 4-6 6-1,89,46,13,70,21,18
Diana Shnaider,20260813,Cincinnati,Hard,PM,R16,Elena Rybakina,6-4 6-4,57,25,12,76,41,9
Diana Shnaider,20260813,Cincinnati,Hard,PM,R32,Maja Chwalinska,6-2 7-6(3),64,35,8,104,41,13
Diana Shnaider,20260813,Cincinnati,Hard,PM,R64,Tatjana Maria,6-2 7-5,61,22,17,64,16,15
Diana Shnaider,20260831,US Open,Hard,G,R32,Taylor Townsend,6-2 6-7(3) 6-3,90,36,15,107,47,20
Diana Shnaider,20260831,US Open,Hard,G,R128,Daria Snigur,6-0 6-4,49,18,14,55,16,6
Diana Shnaider,20260831,US Open,Hard,G,R64,Karolina Pliskova,6-1 7-6(4),68,36,9,68,35,4
Diana Shnaider,20260930,WTA Beijing,Hard,W,R32,Ekaterina Alexandrova,3-6 6-4 6-3,,,,,,
Diana Shnaider,20260930,WTA Beijing,Hard,W,R64,Janice Tjen,6-0 6-4,56,29,10,56,21,6
Alexandra Eala,20251006,Wuhan,Hard,PM,Q1,Moyuka Uchijima,6-4 3-6 6-2,82,40,9,93,33,21
Alexandra Eala,20251013,Osaka,Hard,I,R32,Tereza Valentova,6-1 6-2,55,19,5,67,28,10
Alexandra Eala,20251020,Guangzhou,Hard,I,R32,Claire Liu,2-6 6-4 6-4,91,38,12,89,35,11
Alexandra Eala,20251027,Hong Kong,Hard,I,R16,Victoria Mboko,3-6 6-3 6-4,85,38,10,105,49,15
Alexandra Eala,20251027,Hong Kong,Hard,I,R32,Katie Boulter,6-4 2-1 RET,40,14,10,50,19,7
Alexandra Eala,20260105,Auckland,Hard,I,SF,Xin Yu Wang,5-7 7-5 6-4,118,52,12,122,58,9
Alexandra Eala,20260105,Auckland,Hard,I,QF,Magda Linette,6-3 6-2,63,27,10,62,18,11
Alexandra Eala,20260105,Auckland,Hard,I,R16,Petra Marcinko,6-0 6-2,48,21,9,39,8,4
Alexandra Eala,20260105,Auckland,Hard,I,R32,Donna Vekic,4-6 6-4 6-4,104,40,18,95,34,16
Alexandra Eala,20260119,Australian Open,Hard,G,R128,Alycia Parks,0-6 6-3 6-2,70,28,13,94,41,11
Alexandra Eala,20260126,Manila 125,Hard,C,QF,Camila Osorio,6-4 6-4,69,21,12,58,19,12
Alexandra Eala,20260126,Manila 125,Hard,C,R16,Himeno Sakatsume,6-4 6-0,58,23,14,55,20,5
Alexandra Eala,20260126,Manila 125,Hard,C,R32,Alina Charaeva,6-1 6-2,49,23,11,44,13,4
Alexandra Eala,20260201,Abu Dhabi,Hard,P,QF,Ekaterina Alexandrova,6-3 6-3,63,20,10,70,28,13
Alexandra Eala,20260201,Abu Dhabi,Hard,P,R16,Aliaksandra Sasnovich,2-6 6-4 7-6(5),113,44,16,119,46,22
Alexandra Eala,20260201,Abu Dhabi,Hard,P,R32,Zeynep Sonmez,6-4 6-3,64,27,9,63,20,8
Alexandra Eala,20260208,Doha,Hard,PM,R64,Tereza Valentova,7-6(6) 6-1,59,21,9,65,33,8
Alexandra Eala,20260215,Dubai,Hard,PM,QF,Coco Gauff,6-0 6-2,40,7,7,48,20,9
Alexandra Eala,20260215,Dubai,Hard,PM,R16,Sorana Cirstea,7-5 6-4,70,32,14,71,25,15
Alexandra Eala,20260215,Dubai,Hard,PM,R32,Jasmine Paolini,6-1 7-6(5),65,30,12,64,23,11
Alexandra Eala,20260215,Dubai,Hard,PM,R64,Hailey Baptiste,6-4 0-1 RET,30,15,4,50,17,11
Alexandra Eala,20260304,Indian Wells,Hard,PM,R16,Linda Noskova,6-2 6-0,44,9,9,38,17,13
Alexandra Eala,20260304,Indian Wells,Hard,PM,R32,Coco Gauff,6-2 2-0 RET,25,10,4,39,8,6
Alexandra Eala,20260304,Indian Wells,Hard,PM,R64,Dayana Yastremska,7-5 4-6 7-5,96,41,13,126,44,23
Alexandra Eala,20260317,Miami,Hard,PM,R16,Karolina Muchova,6-0 6-2,42,8,10,36,20,8
Alexandra Eala,20260317,Miami,Hard,PM,R32,Magda Linette,6-3 7-6(2),64,28,19,66,27,15
Alexandra Eala,20260317,Miami,Hard,PM,R64,Laura Siegemund,6-7(6) 6-3 6-3,108,53,16,127,55,16
Alexandra Eala,20260727,Washington,Hard,P,F,Jessica Pegula,4-6 6-4 6-0,70,38,11,71,26,14
Alexandra Eala,20260727,Washington,Hard,P,QF,Elina Svitolina,6-3 6-4,54,24,5,81,26,13
Alexandra Eala,20260727,Washington,Hard,P,R16,Leylah Fernandez,6-2 7-6(1),66,27,16,74,27,11
Alexandra Eala,20260727,Washington,Hard,P,R32,Qinwen Zheng,4-6 6-4 6-1,84,32,17,92,29,17
Alexandra Eala,20260727,Washington,Hard,P,SF,Naomi Osaka,6-4 6-2,47,20,15,59,19,13
Alexandra Eala,20260802,Toronto,Hard,PM,R16,Belinda Bencic,6-4 6-0,48,13,7,45,21,8
Alexandra Eala,20260802,Toronto,Hard,PM,R32,Caty Mcnally,6-3 5-7 6-4,92,36,14,92,36,12
Alexandra Eala,20260802,Toronto,Hard,PM,R64,Alycia Parks,6-1 4-6 6-2,70,32,13,87,27,19
Alexandra Eala,20260813,Cincinnati,Hard,PM,R32,Amanda Anisimova,4-6 6-4 6-2,115,39,22,93,38,18
Alexandra Eala,20260813,Cincinnati,Hard,PM,R64,Elena Gabriela Ruse,6-1 3-0 RET,34,12,11,28,5,3
Alexandra Eala,20260831,US Open,Hard,G,R32,Iva Jovic,7-5 3-6 7-5,109,39,14,105,38,18
Alexandra Eala,20260831,US Open,Hard,G,R128,Mary Stoiana,6-1 6-2,57,28,10,46,16,7
Alexandra Eala,20260831,US Open,Hard,G,R64,Oleksandra Oliynykova,6-1 6-4,44,21,11,50,16,7
Alexandra Eala,20260921,Singapore,Hard,P,R16,Tatiana Prozorova,4-6 7-5 6-3,108,35,19,123,50,14
Naomi Osaka,20251006,Wuhan,Hard,PM,R32,Linda Noskova,7-6(2) 6-3,55,23,15,71,31,19
Naomi Osaka,20251006,Wuhan,Hard,PM,R64,Leylah Fernandez,4-6 7-5 6-3,115,47,24,84,34,17
Naomi Osaka,20251013,Osaka,Hard,I,QF,Jaqueline Cristian,W/O,,,,,,
Naomi Osaka,20251013,Osaka,Hard,I,R16,Suzan Lamens,7-6(6) 3-6 6-2,85,38,16,97,42,15
Naomi Osaka,20251013,Osaka,Hard,I,R32,Wakana Sonobe,6-0 6-4,39,15,15,65,20,11
Naomi Osaka,20260105,United Cup,Hard,I,RR,Maria Sakkari,6-4 6-2,,,,,,
Naomi Osaka,20260105,United Cup,Hard,I,RR,Katie Swan,7-6(4) 6-1,,,,,,
Naomi Osaka,20260119,Australian Open,Hard,G,R32,Maddison Inglis,W/O,,,,,,
Naomi Osaka,20260119,Australian Open,Hard,G,R128,Antonia Ruzic,6-3 3-6 6-4,91,45,10,103,41,15
Naomi Osaka,20260119,Australian Open,Hard,G,R64,Sorana Cirstea,6-3 4-6 6-2,83,37,16,73,26,16
Naomi Osaka,20260304,Indian Wells,Hard,PM,R16,Aryna Sabalenka,6-2 6-4,68,25,12,56,32,7
Naomi Osaka,20260304,Indian Wells,Hard,PM,R32,Camila Osorio,6-1 3-6 6-1,73,39,9,79,27,14
Naomi Osaka,20260304,Indian Wells,Hard,PM,R64,Victoria Jimenez Kasintseva,7-5 6-2,56,24,13,75,29,8
Naomi Osaka,20260317,Miami,Hard,PM,R64,Talia Gibson,7-5 6-4,60,29,11,70,36,12
Naomi Osaka,20260727,Washington,Hard,P,SF,Alexandra Eala,6-4 6-2,59,19,13,47,20,15
Naomi Osaka,20260727,Washington,Hard,P,QF,Elisabetta Cocciaretto,4-6 6-4 6-3,86,30,23,87,33,15
Naomi Osaka,20260727,Washington,Hard,P,R16,Ashlyn Krueger,6-3 3-1 RET,40,12,18,32,16,3
Naomi Osaka,20260802,Toronto,Hard,PM,QF,Elena Rybakina,4-6 7-6(5) 6-4,109,44,22,109,45,23
Naomi Osaka,20260802,Toronto,Hard,PM,R16,Leylah Fernandez,6-4 6-4,56,29,12,57,21,13
Naomi Osaka,20260802,Toronto,Hard,PM,R32,Elise Mertens,6-1 6-2,47,23,12,53,17,7
Naomi Osaka,20260802,Toronto,Hard,PM,R64,Panna Udvardy,6-2 6-4,54,24,13,56,17,12
Naomi Osaka,20260831,US Open,Hard,G,R16,Elena Rybakina,6-1 6-4,50,22,5,51,27,10
Naomi Osaka,20260831,US Open,Hard,G,R128,Anastasia Zakharova,7-6(6) 7-6(3),79,30,20,89,26,22
Naomi Osaka,20260831,US Open,Hard,G,R32,Elise Mertens,6-3 3-6 7-5,109,50,16,109,47,17
Naomi Osaka,20260831,US Open,Hard,G,R64,Katerina Siniakova,6-2 5-7 6-1,94,37,20,80,25,15
Naomi Osaka,20260930,WTA Beijing,Hard,W,R32,Sara Bejlek,,,,,,,
Naomi Osaka,20260930,WTA Beijing,Hard,W,R64,Maria Timofeeva,6-3 3-6 6-3,98,43,18,76,30,15
Elise Mertens,20251006,Wuhan,Hard,PM,R32,Belinda Bencic,W/O,,,,,,
Elise Mertens,20251006,Wuhan,Hard,PM,R64,Polina Kudermetova,7-6(5) 6-3,84,37,18,81,29,19
Elise Mertens,20251013,Osaka,Hard,I,R16,Tereza Valentova,6-4 6-1,45,18,5,54,25,13
Elise Mertens,20251013,Osaka,Hard,I,R32,Cristina Bucsa,7-6(5) 6-3,71,27,22,75,33,14
Elise Mertens,20260105,United Cup,Hard,I,SF,Belinda Bencic,6-3 4-6 7-6(0),,,,,,
Elise Mertens,20260105,United Cup,Hard,I,QF,Barbora Krejcikova,5-7 6-1 7-5,,,,,,
Elise Mertens,20260105,United Cup,Hard,I,RR,Lin Zhu,6-2 6-2,,,,,,
Elise Mertens,20260105,United Cup,Hard,I,RR,Victoria Mboko,6-3 3-6 6-3,,,,,,
Elise Mertens,20260119,Australian Open,Hard,G,R16,Elena Rybakina,6-1 6-3,60,19,11,49,23,12
Elise Mertens,20260119,Australian Open,Hard,G,R128,Lanlana Tararudee,7-5 6-1,52,25,11,64,20,10
Elise Mertens,20260119,Australian Open,Hard,G,R32,Nikola Bartunkova,6-0 6-4,49,27,6,56,21,4
Elise Mertens,20260119,Australian Open,Hard,G,R64,Moyuka Uchijima,6-3 6-1,45,17,9,54,12,9
Elise Mertens,20260208,Doha,Hard,PM,R32,Daria Kasatkina,6-4 6-0,62,16,11,64,28,9
Elise Mertens,20260208,Doha,Hard,PM,R64,Anastasia Pavlyuchenkova,6-2 6-1,42,27,4,56,17,9
Elise Mertens,20260215,Dubai,Hard,PM,R16,Coco Gauff,2-6 7-6(9) 6-3,104,39,16,93,30,17
Elise Mertens,20260215,Dubai,Hard,PM,R32,Emma Navarro,6-2 6-2,46,17,18,53,15,11
Elise Mertens,20260215,Dubai,Hard,PM,R64,Marie Bouzkova,6-2 6-2,51,24,12,49,16,9
Elise Mertens,20260304,Indian Wells,Hard,PM,R32,Belinda Bencic,6-2 6-3,54,19,6,60,28,12
Elise Mertens,20260304,Indian Wells,Hard,PM,R64,Cristina Bucsa,6-2 6-1,46,22,9,37,10,4
Elise Mertens,20260317,Miami,Hard,PM,R32,Sorana Cirstea,6-3 6-2,48,17,10,66,27,14
Elise Mertens,20260317,Miami,Hard,PM,R64,Elvina Kalieva,6-2 6-0,40,20,10,49,12,9
Elise Mertens,20260802,Toronto,Hard,PM,R32,Naomi Osaka,6-1 6-2,53,17,7,47,23,12
Elise Mertens,20260802,Toronto,Hard,PM,R64,Anna Bondar,3-6 6-4 6-4,89,31,19,104,25,32
Elise Mertens,20260813,Cincinnati,Hard,PM,R64,Diane Parry,2-6 6-2 6-2,85,25,18,76,33,13
Elise Mertens,20260823,Monterrey,Hard,P,F,Diane Parry,6-4 0-6 6-3,70,32,11,106,37,20
Elise Mertens,20260823,Monterrey,Hard,P,QF,Yuliia Starodubtseva,6-1 6-4,46,26,10,56,20,11
Elise Mertens,20260823,Monterrey,Hard,P,R16,Panna Udvardy,6-1 4-6 6-3,79,38,15,72,29,11
Elise Mertens,20260823,Monterrey,Hard,P,SF,Nikola Bartunkova,1-6 6-4 6-2,86,30,18,89,32,16
Elise Mertens,20260831,US Open,Hard,G,R32,Naomi Osaka,6-3 3-6 7-5,109,47,17,109,50,16
Elise Mertens,20260831,US Open,Hard,G,R128,Kaitlin Quevedo,6-4 6-4,61,30,13,76,29,18
Elise Mertens,20260831,US Open,Hard,G,R64,Maria Timofeeva,6-2 7-6(5),61,29,11,65,25,8
Elise Mertens,20260921,Singapore,Hard,P,QF,Maja Chwalinska,6-2 6-2,56,14,12,48,23,9
Elise Mertens,20260921,Singapore,Hard,P,R16,Barbora Krejcikova,W/O,,,,,,
Elise Mertens,20260930,WTA Beijing,Hard,W,R32,Jelena Ostapenko,,,,,,,
Elise Mertens,20260930,WTA Beijing,Hard,W,R64,Katie Volynets,6-0 4-6 7-5,93,42,16,119,50,11
Madison Keys,20251101,Riyadh Finals,Hard,F,RR,Amanda Anisimova,4-6 6-3 6-2,74,26,15,82,34,17
Madison Keys,20251101,Riyadh Finals,Hard,F,RR,Iga Swiatek,6-1 6-2,42,14,2,45,23,9
Madison Keys,20260104,Brisbane,Hard,P,QF,Aryna Sabalenka,6-3 6-3,70,26,9,65,26,14
Madison Keys,20260104,Brisbane,Hard,P,R16,Diana Shnaider,6-7(5) 7-6(5) 7-6(4),124,55,17,124,56,16
Madison Keys,20260104,Brisbane,Hard,P,R32,Mccartney Kessler,6-4 6-3,61,30,12,64,25,11
Madison Keys,20260112,Adelaide,Hard,P,QF,Victoria Mboko,6-4 4-6 6-2,95,36,15,85,33,16
Madison Keys,20260112,Adelaide,Hard,P,R16,Tereza Valentova,6-4 6-1,76,27,16,43,16,4
Madison Keys,20260119,Australian Open,Hard,G,R16,Jessica Pegula,6-3 6-4,59,23,7,66,27,13
Madison Keys,20260119,Australian Open,Hard,G,R128,Oleksandra Oliynykova,7-6(6) 6-1,61,28,9,80,29,8
Madison Keys,20260119,Australian Open,Hard,G,R32,Karolina Pliskova,6-3 6-3,54,28,8,70,27,10
Madison Keys,20260119,Australian Open,Hard,G,R64,Ashlyn Krueger,6-1 7-5,53,23,10,58,20,8
Madison Keys,20260304,Indian Wells,Hard,PM,R32,Sonay Kartal,2-6 6-2 6-3,91,35,15,87,41,14
Madison Keys,20260304,Indian Wells,Hard,PM,R64,Diane Parry,6-4 6-3,72,36,9,71,22,16
Madison Keys,20260317,Miami,Hard,PM,R32,Qinwen Zheng,4-6 6-2 6-4,89,42,13,93,42,18
Madison Keys,20260317,Miami,Hard,PM,R64,Elena Gabriela Ruse,6-0 6-3,47,27,7,54,21,5
Madison Keys,20260727,Washington,Hard,P,R32,Liudmila Samsonova,3-6 6-4 6-4,97,43,18,97,35,24
Madison Keys,20260802,Toronto,Hard,PM,R32,Marta Kostyuk,6-3 6-1,50,19,7,61,30,11
Madison Keys,20260802,Toronto,Hard,PM,R64,Antonia Ruzic,6-1 6-2,55,24,12,60,21,5
Madison Keys,20260813,Cincinnati,Hard,PM,QF,Sara Bejlek,3-6 6-4 7-6(5),112,45,23,102,46,17
Madison Keys,20260813,Cincinnati,Hard,PM,R16,Xiyu Wang,7-6(3) 6-4,66,34,12,71,29,14
Madison Keys,20260813,Cincinnati,Hard,PM,R32,Katerina Siniakova,6-1 6-3,47,19,16,59,20,8
Madison Keys,20260813,Cincinnati,Hard,PM,R64,Daria Snigur,4-6 6-3 6-3,92,40,14,102,44,13
Madison Keys,20260831,US Open,Hard,G,R32,Qinwen Zheng,1-6 7-6(3) 7-5,106,49,14,89,31,24
Madison Keys,20260831,US Open,Hard,G,R128,Alina Korneeva,7-5 6-4,77,26,16,66,22,11
Madison Keys,20260831,US Open,Hard,G,R64,Anna Bondar,5-7 6-4 7-6(5),113,48,20,129,41,31
Belinda Bencic,20251006,Wuhan,Hard,PM,R16,Iga Swiatek,7-6(2) 6-4,86,33,12,63,32,10
Belinda Bencic,20251006,Wuhan,Hard,PM,R32,Elise Mertens,W/O,,,,,,
Belinda Bencic,20251006,Wuhan,Hard,PM,R64,Donna Vekic,6-2 6-2,50,25,9,48,13,9
Belinda Bencic,20251013,Ningbo,Hard,P,QF,Jasmine Paolini,5-7 7-5 6-3,106,36,19,128,47,24
Belinda Bencic,20251013,Ningbo,Hard,P,R16,Yuliia Starodubtseva,5-7 6-4 7-5,111,42,25,112,39,24
Belinda Bencic,20251013,Ningbo,Hard,P,R32,Magda Linette,6-3 6-2,71,38,10,56,21,7
Belinda Bencic,20251020,Tokyo,Hard,P,F,Linda Noskova,6-2 6-3,69,37,9,51,19,9
Belinda Bencic,20251020,Tokyo,Hard,P,QF,Karolina Muchova,3-6 7-5 7-5,110,49,16,113,50,14
Belinda Bencic,20251020,Tokyo,Hard,P,R16,Varvara Gracheva,6-4 6-3,51,20,10,57,18,8
Belinda Bencic,20251020,Tokyo,Hard,P,SF,Sofia Kenin,7-6(5) 3-6 6-2,91,45,16,95,43,17
Belinda Bencic,20251027,Hong Kong,Hard,I,QF,Cristina Bucsa,W/O,,,,,,
Belinda Bencic,20251027,Hong Kong,Hard,I,R16,Yafan Wang,6-2 6-2,39,25,7,61,21,11
Belinda Bencic,20251027,Hong Kong,Hard,I,R32,Aliaksandra Sasnovich,6-3 6-4,66,27,14,54,22,6
Belinda Bencic,20260105,United Cup,Hard,I,F,Iga Swiatek,3-6 6-0 6-3,,,,,,
Belinda Bencic,20260105,United Cup,Hard,I,QF,Solana Sierra,6-2 6-2,,,,,,
Belinda Bencic,20260105,United Cup,Hard,I,RR,Leolia Jeanjean,6-2 6-4,,,,,,
Belinda Bencic,20260105,United Cup,Hard,I,RR,Jasmine Paolini,6-4 6-3,,,,,,
Belinda Bencic,20260105,United Cup,Hard,I,SF,Elise Mertens,6-3 4-6 7-6(0),,,,,,
Belinda Bencic,20260119,Australian Open,Hard,G,R64,Nikola Bartunkova,6-3 0-6 6-4,74,31,8,77,24,15
Belinda Bencic,20260119,Australian Open,Hard,G,R128,Katie Boulter,6-0 7-5,51,25,11,52,17,8
Belinda Bencic,20260215,Dubai,Hard,PM,R16,Elina Svitolina,4-6 6-1 6-3,88,30,14,83,35,13
Belinda Bencic,20260215,Dubai,Hard,PM,R32,Sara Bejlek,W/O,,,,,,
Belinda Bencic,20260215,Dubai,Hard,PM,R64,Jessica Bouzas Maneiro,2-6 6-1 6-2,71,38,10,66,32,7
Belinda Bencic,20260304,Indian Wells,Hard,PM,R16,Jessica Pegula,6-3 7-6(5),78,27,13,78,31,12
Belinda Bencic,20260304,Indian Wells,Hard,PM,R32,Elise Mertens,6-2 6-3,60,28,12,54,19,6
Belinda Bencic,20260304,Indian Wells,Hard,PM,R64,Storm Hunter,6-3 6-2,56,19,15,52,17,8
Belinda Bencic,20260317,Miami,Hard,PM,QF,Coco Gauff,6-3 1-6 6-3,90,42,11,69,30,9
Belinda Bencic,20260317,Miami,Hard,PM,R16,Amanda Anisimova,6-2 6-2,53,34,3,54,20,7
Belinda Bencic,20260317,Miami,Hard,PM,R32,Diana Shnaider,6-3 6-3,59,28,12,54,29,3
Belinda Bencic,20260317,Miami,Hard,PM,R64,Zeynep Sonmez,6-3 6-2,47,18,14,49,15,7
Belinda Bencic,20260802,Toronto,Hard,PM,QF,Coco Gauff,W/O,,,,,,
Belinda Bencic,20260802,Toronto,Hard,PM,R16,Alexandra Eala,6-4 6-0,45,21,8,48,13,7
Belinda Bencic,20260802,Toronto,Hard,PM,R32,Taylor Townsend,6-7(5) 7-6(4) 6-4,123,39,44,128,57,25
Belinda Bencic,20260802,Toronto,Hard,PM,R64,Sloane Stephens,6-3 6-1,60,22,17,56,17,10
Belinda Bencic,20260813,Cincinnati,Hard,PM,R64,Lois Boisson,6-3 0-0 RET,32,11,5,33,11,10
Belinda Bencic,20260831,US Open,Hard,G,R128,Yulia Putintseva,4-6 7-5 6-3,111,37,25,90,35,22
Belinda Bencic,20260930,WTA Beijing,Hard,W,R32,Ann Li,,,,,,,
Belinda Bencic,20260930,WTA Beijing,Hard,W,R64,Anastasia Zakharova,6-1 7-6(3),53,22,13,91,31,14
Anna Kalinskaya,20251006,Wuhan,Hard,PM,R64,Rebecca Sramkova,6-2 3-6 6-3,79,37,7,91,31,23
Anna Kalinskaya,20251020,Tokyo,Hard,P,QF,Linda Noskova,6-0 1-0 RET,21,4,3,31,15,7
Anna Kalinskaya,20251020,Tokyo,Hard,P,R16,Diana Shnaider,7-6(4) 2-6 7-6(5),113,50,14,109,52,13
Anna Kalinskaya,20251020,Tokyo,Hard,P,R32,Suzan Lamens,6-3 6-1,51,22,10,45,15,3
Anna Kalinskaya,20251027,Hong Kong,Hard,I,QF,Victoria Mboko,6-1 3-1 RET,34,9,7,42,24,5
Anna Kalinskaya,20251027,Hong Kong,Hard,I,R16,Shuai Zhang,6-1 6-1,48,25,5,37,8,4
Anna Kalinskaya,20251027,Hong Kong,Hard,I,R32,Kamilla Rakhimova,6-4 6-4,61,31,7,71,33,5
Anna Kalinskaya,20260104,Brisbane,Hard,P,R32,Jessica Pegula,6-2 2-6 6-4,82,37,10,84,32,16
Anna Kalinskaya,20260104,Brisbane,Hard,P,R64,Tereza Valentova,6-4 6-4,81,38,9,53,20,7
Anna Kalinskaya,20260112,Adelaide,Hard,P,R16,Victoria Mboko,6-2 3-6 7-6(6),106,42,15,102,44,15
Anna Kalinskaya,20260112,Adelaide,Hard,P,R32,Elena Gabriela Ruse,6-0 6-3,59,22,10,45,11,4
Anna Kalinskaya,20260119,Australian Open,Hard,G,R32,Iga Swiatek,6-1 1-6 6-1,68,23,12,68,27,14
Anna Kalinskaya,20260119,Australian Open,Hard,G,R128,Sonay Kartal,7-6(3) 6-1,68,35,11,68,24,14
Anna Kalinskaya,20260119,Australian Open,Hard,G,R64,Julia Grabher,6-3 6-3,51,21,10,64,24,4
Anna Kalinskaya,20260208,Doha,Hard,PM,QF,Karolina Muchova,6-3 6-4,59,20,12,55,26,12
Anna Kalinskaya,20260208,Doha,Hard,PM,R16,Elina Svitolina,6-4 6-3,53,25,9,60,25,8
Anna Kalinskaya,20260208,Doha,Hard,PM,R32,Emma Navarro,7-5 2-6 6-2,84,39,13,87,35,16
Anna Kalinskaya,20260208,Doha,Hard,PM,R64,Jessica Bouzas Maneiro,6-2 6-1,49,17,16,49,16,6
Anna Kalinskaya,20260215,Dubai,Hard,PM,R32,Coco Gauff,6-4 6-4,58,19,7,70,28,13
Anna Kalinskaya,20260215,Dubai,Hard,PM,R64,Jelena Ostapenko,2-6 6-1 6-4,96,36,19,95,29,24
Anna Kalinskaya,20260304,Indian Wells,Hard,PM,R32,Victoria Mboko,6-4 6-1,43,20,5,50,24,14
Anna Kalinskaya,20260304,Indian Wells,Hard,PM,R64,Zeynep Sonmez,6-4 7-6(4),73,32,10,75,23,16
Anna Kalinskaya,20260317,Miami,Hard,PM,R64,Anastasia Zakharova,3-6 6-1 7-5,85,35,15,96,36,23
Anna Kalinskaya,20260727,Washington,Hard,P,QF,Jessica Pegula,6-3 7-5,58,22,12,60,28,16
Anna Kalinskaya,20260727,Washington,Hard,P,R16,Janice Tjen,1-6 6-3 7-6(7),94,30,26,98,40,18
Anna Kalinskaya,20260727,Washington,Hard,P,R32,Daria Kasatkina,6-4 6-1,52,22,8,46,14,4
Anna Kalinskaya,20260802,Toronto,Hard,PM,R32,Diana Shnaider,6-3 6-3,54,19,8,55,24,10
Anna Kalinskaya,20260802,Toronto,Hard,PM,R64,Mccartney Kessler,6-2 6-7(3) 6-4,98,35,23,120,43,18
Anna Kalinskaya,20260813,Cincinnati,Hard,PM,R32,Sorana Cirstea,6-7(4) 6-1 5-0 RET,79,26,15,77,37,11
Anna Kalinskaya,20260813,Cincinnati,Hard,PM,R64,Caty Mcnally,6-3 6-4,58,16,16,55,18,9
Anna Kalinskaya,20260831,US Open,Hard,G,R16,Emma Navarro,6-4 6-2,54,19,10,58,25,13
Anna Kalinskaya,20260831,US Open,Hard,G,R128,Anna Blinkova,6-4 6-3,55,26,12,72,24,13
Anna Kalinskaya,20260831,US Open,Hard,G,R32,Elina Svitolina,6-3 2-6 6-3,76,27,14,81,19,20
Anna Kalinskaya,20260831,US Open,Hard,G,R64,Xin Yu Wang,7-5 2-6 6-3,99,40,18,90,45,9
Anna Kalinskaya,20260930,WTA Beijing,Hard,W,R64,Qinwen Zheng,6-7(4) 6-4 3-0 RET,85,40,11,85,41,15
Amanda Anisimova,20251101,Riyadh Finals,Hard,F,RR,Elena Rybakina,6-3 6-1,47,19,5,45,27,7
Amanda Anisimova,20251101,Riyadh Finals,Hard,F,SF,Aryna Sabalenka,6-3 3-6 6-3,108,43,17,107,44,14
Amanda Anisimova,20251101,Riyadh Finals,Hard,F,RR,Madison Keys,4-6 6-3 6-2,82,34,17,74,26,15
Amanda Anisimova,20251101,Riyadh Finals,Hard,F,RR,Iga Swiatek,6-7(3) 6-4 6-2,99,46,20,111,52,18
Amanda Anisimova,20260104,Brisbane,Hard,P,R16,Marta Kostyuk,6-4 6-3,68,28,8,60,31,8
Amanda Anisimova,20260104,Brisbane,Hard,P,R32,Kimberly Birrell,6-1 6-3,42,19,11,50,18,4
Amanda Anisimova,20260119,Australian Open,Hard,G,QF,Jessica Pegula,6-2 7-6(1),71,25,11,62,26,16
Amanda Anisimova,20260119,Australian Open,Hard,G,R128,Simona Waltert,6-3 6-2,45,24,9,45,15,9
Amanda Anisimova,20260119,Australian Open,Hard,G,R16,Xin Yu Wang,7-6(4) 6-4,58,33,12,85,42,12
Amanda Anisimova,20260119,Australian Open,Hard,G,R32,Peyton Stearns,6-1 6-4,61,28,9,46,15,6
Amanda Anisimova,20260119,Australian Open,Hard,G,R64,Katerina Siniakova,6-1 6-4,86,37,15,68,24,9
Amanda Anisimova,20260208,Doha,Hard,PM,R32,Karolina Pliskova,5-7 7-6(3) 4-1 RET,89,38,15,114,51,17
Amanda Anisimova,20260215,Dubai,Hard,PM,SF,Jessica Pegula,1-6 6-4 6-3,95,41,12,89,37,14
Amanda Anisimova,20260215,Dubai,Hard,PM,QF,Mirra Andreeva,2-6 7-5 7-6(4),113,37,20,118,43,17
Amanda Anisimova,20260215,Dubai,Hard,PM,R16,Janice Tjen,6-1 6-3,52,24,8,46,12,8
Amanda Anisimova,20260215,Dubai,Hard,PM,R32,Barbora Krejcikova,W/O,,,,,,
Amanda Anisimova,20260304,Indian Wells,Hard,PM,R16,Victoria Mboko,6-4 6-1,69,29,5,47,27,7
Amanda Anisimova,20260304,Indian Wells,Hard,PM,R32,Emma Raducanu,6-1 6-1,35,18,10,39,6,8
Amanda Anisimova,20260304,Indian Wells,Hard,PM,R64,Anna Blinkova,5-7 6-1 6-0,76,36,10,71,25,4
Amanda Anisimova,20260317,Miami,Hard,PM,R16,Belinda Bencic,6-2 6-2,54,20,7,53,34,3
Amanda Anisimova,20260317,Miami,Hard,PM,R32,Yuliia Starodubtseva,6-4 6-2,57,25,11,53,21,4
Amanda Anisimova,20260317,Miami,Hard,PM,R64,Ajla Tomljanovic,6-1 5-7 6-4,82,23,18,97,29,15
Amanda Anisimova,20260802,Toronto,Hard,PM,R16,Elina Svitolina,6-2 6-4,72,25,11,45,20,10
Amanda Anisimova,20260802,Toronto,Hard,PM,R32,Nikola Bartunkova,3-6 6-0 6-4,85,30,15,79,17,18
Amanda Anisimova,20260802,Toronto,Hard,PM,R64,Lanlana Tararudee,W/O,,,,,,
Amanda Anisimova,20260813,Cincinnati,Hard,PM,QF,Jessica Pegula,6-4 2-6 7-6(4),95,39,19,94,37,21
Amanda Anisimova,20260813,Cincinnati,Hard,PM,R16,Linda Noskova,6-1 6-4,44,23,14,53,23,5
Amanda Anisimova,20260813,Cincinnati,Hard,PM,R32,Alexandra Eala,4-6 6-4 6-2,93,38,18,115,39,22
Amanda Anisimova,20260813,Cincinnati,Hard,PM,R64,Zeynep Sonmez,6-2 6-3,54,23,10,62,19,7
Amanda Anisimova,20260831,US Open,Hard,G,R32,Anastasia Potapova,6-2 7-5,54,16,8,87,33,15
Amanda Anisimova,20260831,US Open,Hard,G,R128,Ashlyn Krueger,6-1 6-3,59,21,16,50,17,6
Amanda Anisimova,20260831,US Open,Hard,G,R64,Lilli Tagger,6-3 3-6 6-1,84,42,11,87,32,14
Anastasia Potapova,20260104,Brisbane,Hard,P,R32,Diana Shnaider,6-1 6-3,52,18,5,58,32,6
Anastasia Potapova,20260104,Brisbane,Hard,P,R64,Daria Kasatkina,7-5 4-6 6-4,106,47,19,112,42,19
Anastasia Potapova,20260112,Adelaide,Hard,P,R32,Kimberly Birrell,6-4 6-4,82,27,9,46,13,11
Anastasia Potapova,20260112,Adelaide,Hard,P,Q2,Jaqueline Cristian,6-1 6-3,60,23,8,58,29,9
Anastasia Potapova,20260112,Adelaide,Hard,P,Q1,Xiaodi You,6-2 7-6(1),75,30,19,69,24,14
Anastasia Potapova,20260119,Australian Open,Hard,G,R32,Aryna Sabalenka,7-6(4) 7-6(7),91,26,23,86,38,15
Anastasia Potapova,20260119,Australian Open,Hard,G,R128,Suzan Lamens,3-6 7-5 6-2,92,36,14,98,32,14
Anastasia Potapova,20260119,Australian Open,Hard,G,R64,Emma Raducanu,7-6(3) 6-2,68,23,14,60,19,8
Anastasia Potapova,20260201,Cluj-Napoca,Hard,I,QF,Sorana Cirstea,7-5 6-4,109,39,19,71,27,20
Anastasia Potapova,20260201,Cluj-Napoca,Hard,I,R16,Anastasia Zakharova,1-6 6-4 6-3,98,37,17,68,23,20
Anastasia Potapova,20260201,Cluj-Napoca,Hard,I,R32,Lucia Bronzetti,5-7 6-4 7-5,131,49,25,95,30,27
Anastasia Potapova,20260215,Dubai,Hard,PM,Q1,Ella Seidel,6-4 6-3,59,18,14,65,29,12
Anastasia Potapova,20260223,Merida,Hard,P,R32,Emiliana Arango,7-6(0) 6-2,86,24,14,81,36,9
Anastasia Potapova,20260304,Indian Wells,Hard,PM,R64,Jasmine Paolini,6-7(5) 6-2 6-3,108,36,21,103,43,20
Anastasia Potapova,20260304,Indian Wells,Hard,PM,R128,Marina Stakusic,4-6 6-1 7-5,96,33,17,105,32,16
Anastasia Potapova,20260727,Washington,Hard,P,R16,Diana Shnaider,6-1 6-2,38,9,2,40,16,9
Anastasia Potapova,20260727,Washington,Hard,P,R32,Venus Williams,6-3 6-3,45,19,17,66,29,7
Anastasia Potapova,20260802,Toronto,Hard,PM,R32,Elina Svitolina,6-1 6-1,44,13,4,53,25,9
Anastasia Potapova,20260802,Toronto,Hard,PM,R64,Elena Gabriela Ruse,6-4 6-2,75,31,15,59,16,14
Anastasia Potapova,20260813,Cincinnati,Hard,PM,R64,Sloane Stephens,6-2 6-4,51,12,10,52,22,11
Anastasia Potapova,20260831,US Open,Hard,G,R16,Mirra Andreeva,5-7 6-4 6-3,96,38,14,96,41,14
Anastasia Potapova,20260831,US Open,Hard,G,R128,Darja Semenistaja,6-2 6-2,72,27,17,49,18,5
Anastasia Potapova,20260831,US Open,Hard,G,R32,Amanda Anisimova,6-2 7-5,87,33,15,54,16,8
Anastasia Potapova,20260831,US Open,Hard,G,R64,Leolia Jeanjean,6-4 2-6 6-3,97,37,19,85,27,20
Anastasia Potapova,20260930,WTA Beijing,Hard,W,R64,Sinja Kraus,4-1 RET,15,3,2,12,7,2
Emma Navarro,20251006,Wuhan,Hard,PM,R64,Shuai Zhang,6-2 2-6 6-3,78,23,20,62,31,5
Emma Navarro,20260105,Auckland,Hard,I,R32,Francesca Jones,7-5 2-6 6-4,87,41,10,94,36,15
Emma Navarro,20260112,Adelaide,Hard,P,QF,Diana Shnaider,6-3 6-3,59,22,9,57,30,8
Emma Navarro,20260112,Adelaide,Hard,P,R16,Yulia Putintseva,6-1 6-4,61,22,20,53,17,12
Emma Navarro,20260112,Adelaide,Hard,P,R32,Emerson Jones,6-3 6-3,56,24,10,63,25,6
Emma Navarro,20260119,Australian Open,Hard,G,R128,Magda Linette,3-6 6-3 6-3,89,35,19,78,34,16
Emma Navarro,20260201,Abu Dhabi,Hard,P,R16,Hailey Baptiste,7-6(6) 0-6 6-3,81,36,16,92,36,16
Emma Navarro,20260208,Doha,Hard,PM,R32,Anna Kalinskaya,7-5 2-6 6-2,87,35,16,84,39,13
Emma Navarro,20260208,Doha,Hard,PM,R64,Tatjana Maria,7-5 6-1,68,26,18,56,23,8
Emma Navarro,20260215,Dubai,Hard,PM,R32,Elise Mertens,6-2 6-2,53,15,11,46,17,18
Emma Navarro,20260215,Dubai,Hard,PM,R64,Elena Gabriela Ruse,6-4 7-5,56,27,8,62,21,13
Emma Navarro,20260223,Merida,Hard,P,R16,Shuai Zhang,6-4 6-4,68,26,13,63,27,13
Emma Navarro,20260304,Indian Wells,Hard,PM,R64,Sonay Kartal,6-1 3-6 7-6(2),98,40,13,93,31,22
Emma Navarro,20260309,Austin 125 1,Hard,C,R32,Lulu Sun,6-4 6-4,68,28,9,60,19,20
Emma Navarro,20260727,Washington,Hard,P,R16,Elisabetta Cocciaretto,6-3 4-6 6-3,87,30,15,95,41,14
Emma Navarro,20260727,Washington,Hard,P,R32,Sofia Kenin,6-0 7-5,89,36,14,63,21,6
Emma Navarro,20260802,Toronto,Hard,PM,R64,Alina Korneeva,6-2 6-2,53,10,13,58,22,12
Emma Navarro,20260813,Cincinnati,Hard,PM,R32,Jessica Pegula,7-5 6-2,72,26,11,84,35,15
Emma Navarro,20260813,Cincinnati,Hard,PM,R64,Anhelina Kalinina,3-6 6-4 6-2,92,40,15,77,33,14
Emma Navarro,20260831,US Open,Hard,G,QF,Jessica Pegula,3-6 6-4 6-3,113,41,19,100,42,16
Emma Navarro,20260831,US Open,Hard,G,R128,Lois Boisson,7-6(6) 6-7(1) 6-3,114,47,26,110,48,18
Emma Navarro,20260831,US Open,Hard,G,R16,Anna Kalinskaya,6-4 6-2,58,25,13,54,19,10
Emma Navarro,20260831,US Open,Hard,G,R32,Karolina Muchova,6-3 7-5,75,27,17,62,19,11
Emma Navarro,20260831,US Open,Hard,G,R64,Caty Mcnally,3-6 6-2 6-3,95,43,14,109,37,23
Maja Chwalinska,20260105,Auckland,Hard,I,Q2,Gabriela Andrea Knutson,6-3 6-2,58,23,6,80,29,18
Maja Chwalinska,20260105,Auckland,Hard,I,Q1,Hanyu Guo,6-4 6-0,50,28,5,58,19,8
Maja Chwalinska,20260119,Australian Open,Hard,G,Q3,Anhelina Kalinina,5-7 6-2 6-1,99,41,8,73,34,12
Maja Chwalinska,20260119,Australian Open,Hard,G,Q1,Madison Brengle,7-6(3) 6-3,61,21,9,78,25,5
Maja Chwalinska,20260119,Australian Open,Hard,G,Q2,Rebeka Masarova,7-6(8) 5-7 6-1,101,51,16,106,46,15
Maja Chwalinska,20260201,Cluj-Napoca,Hard,I,QF,Emma Raducanu,6-0 6-4,44,17,3,39,18,12
Maja Chwalinska,20260201,Cluj-Napoca,Hard,I,R16,Olga Danilovic,6-1 1-6 6-2,72,26,14,67,23,10
Maja Chwalinska,20260201,Cluj-Napoca,Hard,I,R32,Ana Bogdan,6-3 6-2,53,27,9,42,17,3
Maja Chwalinska,20260201,Cluj-Napoca,Hard,I,Q1,Mara Gae,6-2 6-3,59,28,10,49,14,8
Maja Chwalinska,20260201,Cluj-Napoca,Hard,I,Q2,Leyre Romero Gormaz,7-6(2) 6-4,61,25,17,90,29,18
Maja Chwalinska,20260209,Oeiras 125 Indoor 1,Hard,C,SF,Darja Vidmanova,6-4 3-6 7-6(5),89,38,13,116,51,13
Maja Chwalinska,20260209,Oeiras 125 Indoor 1,Hard,C,QF,Suzan Lamens,6-1 6-2,46,23,8,36,9,4
Maja Chwalinska,20260209,Oeiras 125 Indoor 1,Hard,C,R16,Nuria Parrizas Diaz,6-1 6-1,40,23,7,39,11,4
Maja Chwalinska,20260209,Oeiras 125 Indoor 1,Hard,C,R32,Noma Noha Akugue,6-2 3-6 6-1,82,25,16,76,22,8
Maja Chwalinska,20260802,Toronto,Hard,PM,R64,Talia Gibson,7-5 6-1,59,16,9,66,20,18
Maja Chwalinska,20260813,Cincinnati,Hard,PM,R32,Diana Shnaider,6-2 7-6(3),104,41,13,64,35,8
Maja Chwalinska,20260813,Cincinnati,Hard,PM,R64,Cristina Bucsa,6-2 6-2,56,20,14,46,13,5
Maja Chwalinska,20260823,Monterrey,Hard,P,R16,Alycia Parks,3-6 6-2 6-2,61,27,11,80,27,23
Maja Chwalinska,20260831,US Open,Hard,G,R128,Taylor Townsend,6-2 6-3,62,25,3,43,22,9
Maja Chwalinska,20260921,Singapore,Hard,P,SF,Leylah Fernandez,1-6 6-4 6-2,67,31,6,74,30,12
Maja Chwalinska,20260921,Singapore,Hard,P,QF,Elise Mertens,6-2 6-2,48,23,9,56,14,12
Maja Chwalinska,20260921,Singapore,Hard,P,R16,Oleksandra Oliynykova,6-0 6-1,39,17,10,32,6,2
Maja Chwalinska,20260921,Singapore,Hard,P,R32,Rebecca Sramkova,6-4 6-2,53,29,9,53,16,11
Maja Chwalinska,20260930,WTA Beijing,Hard,W,R64,Dayana Yastremska,6-3 6-1,57,18,8,41,23,7
Marie Bouzkova,20251006,Wuhan,Hard,PM,R32,Iga Swiatek,6-1 6-1,51,12,8,46,25,4
Marie Bouzkova,20251006,Wuhan,Hard,PM,R64,Camila Osorio,6-3 6-4,57,24,5,78,29,5
Marie Bouzkova,20251013,Osaka,Hard,I,R16,Viktorija Golubic,1-6 6-2 7-6(3),96,40,9,91,37,7
Marie Bouzkova,20251013,Osaka,Hard,I,R32,Ena Shibahara,6-1 6-1,45,25,7,41,11,5
Marie Bouzkova,20251020,Tokyo,Hard,P,Q1,Kimberly Birrell,2-6 7-6(3) 6-2,95,46,12,108,48,20
Marie Bouzkova,20260104,Brisbane,Hard,P,R32,Paula Badosa,6-7(4) 6-4 6-2,117,41,24,105,43,21
Marie Bouzkova,20260104,Brisbane,Hard,P,R64,Jaqueline Cristian,6-4 6-3,53,28,7,59,23,7
Marie Bouzkova,20260112,Adelaide,Hard,P,R16,Mirra Andreeva,6-3 6-1,44,16,3,48,26,7
Marie Bouzkova,20260112,Adelaide,Hard,P,Q2,Yulia Putintseva,6-4 7-6(0),75,24,13,92,41,10
Marie Bouzkova,20260112,Adelaide,Hard,P,R32,Paula Badosa,3-6 6-3 6-4,88,32,21,101,40,17
Marie Bouzkova,20260112,Adelaide,Hard,P,Q1,Aleksandra Krunic,6-2 6-2,38,18,14,44,14,6
Marie Bouzkova,20260119,Australian Open,Hard,G,R64,Iga Swiatek,6-2 6-3,50,14,9,56,27,9
Marie Bouzkova,20260119,Australian Open,Hard,G,R128,Renata Zarazua,6-2 7-5,72,34,9,71,24,9
Marie Bouzkova,20260208,Doha,Hard,PM,R64,Victoria Mboko,7-5 6-2,69,27,6,66,29,9
Marie Bouzkova,20260215,Dubai,Hard,PM,R64,Elise Mertens,6-2 6-2,49,16,9,51,24,12
Marie Bouzkova,20260223,Merida,Hard,P,QF,Magdalena Frech,6-3 4-6 6-3,99,37,12,92,36,14
Marie Bouzkova,20260223,Merida,Hard,P,R16,Emiliana Arango,2-6 6-1 2-0 RET,63,29,5,57,20,8
Marie Bouzkova,20260304,Indian Wells,Hard,PM,R128,Taylor Townsend,6-2 6-1,50,14,4,47,23,6
Marie Bouzkova,20260317,Miami,Hard,PM,R32,Mirra Andreeva,7-6(4) 6-2,72,27,10,74,33,12
Marie Bouzkova,20260317,Miami,Hard,PM,R64,Elsa Jacquemot,6-2 6-2,60,34,6,47,18,3
Marie Bouzkova,20260720,Prague,Hard,I,QF,Tereza Valentova,2-6 6-4 7-6(6),99,47,11,92,39,9
Marie Bouzkova,20260720,Prague,Hard,I,R16,Carol Young Suh Lee,7-5 6-4,69,36,9,75,31,9
Marie Bouzkova,20260720,Prague,Hard,I,R32,Jessica Bouzas Maneiro,7-5 7-5,75,30,19,93,37,13
Marie Bouzkova,20260802,Toronto,Hard,PM,R64,Taylor Townsend,7-6(4) 7-5,87,34,16,78,38,13
Marie Bouzkova,20260813,Cincinnati,Hard,PM,R16,Coco Gauff,6-3 6-2,69,30,7,67,31,14
Marie Bouzkova,20260813,Cincinnati,Hard,PM,R32,Iva Jovic,7-6(0) 7-6(5),81,33,16,88,27,21
Marie Bouzkova,20260813,Cincinnati,Hard,PM,R64,Lucrezia Stefanini,6-2 6-4,55,21,16,63,24,9
Marie Bouzkova,20260831,US Open,Hard,G,R32,Iga Swiatek,7-6(3) 7-6(3),82,39,8,95,42,14
Marie Bouzkova,20260831,US Open,Hard,G,R128,Elsa Jacquemot,6-2 6-2,44,19,11,58,20,7
Marie Bouzkova,20260831,US Open,Hard,G,R64,Harriet Dart,6-2 6-2,45,28,5,55,16,12
Marie Bouzkova,20260922,BJK Cup Finals,Hard,D,RR,Sonay Kartal,7-6(2) 4-6 6-4,,,,,,
Marie Bouzkova,20260930,WTA Beijing,Hard,W,R32,Qinwen Zheng,,,,,,,
Marie Bouzkova,20260930,WTA Beijing,Hard,W,R64,Kimberly Birrell,6-4 6-4,56,29,4,54,25,3
Leylah Fernandez,20251006,Wuhan,Hard,PM,R64,Naomi Osaka,4-6 7-5 6-3,84,34,17,115,47,24
Leylah Fernandez,20251013,Osaka,Hard,I,F,Tereza Valentova,6-0 5-7 6-3,79,37,11,83,25,15
Leylah Fernandez,20251013,Osaka,Hard,I,QF,Rebecca Sramkova,7-6(2) 6-3,59,28,10,74,26,14
Leylah Fernandez,20251013,Osaka,Hard,I,R16,Dalma Galfi,6-1 6-4,53,29,10,64,25,9
Leylah Fernandez,20251013,Osaka,Hard,I,R32,Hailey Baptiste,6-2 7-5,69,29,16,54,24,6
Leylah Fernandez,20251013,Osaka,Hard,I,SF,Sorana Cirstea,6-1 2-6 6-4,77,33,10,75,21,16
Leylah Fernandez,20251020,Tokyo,Hard,P,R16,Elena Rybakina,6-4 6-3,48,20,7,69,25,19
Leylah Fernandez,20251020,Tokyo,Hard,P,R32,Maria Sakkari,7-6(5) 6-4,74,29,12,74,23,12
Leylah Fernandez,20251027,Hong Kong,Hard,I,SF,Victoria Mboko,2-6 6-3 6-2,66,27,14,76,39,9
Leylah Fernandez,20251027,Hong Kong,Hard,I,QF,Sorana Cirstea,6-4 6-4,68,32,12,73,31,9
Leylah Fernandez,20251027,Hong Kong,Hard,I,R16,Eva Lys,6-4 6-1,47,24,9,52,21,5
Leylah Fernandez,20251027,Hong Kong,Hard,I,R32,Xiyu Wang,6-1 6-4,52,22,10,53,17,6
Leylah Fernandez,20260104,Brisbane,Hard,P,R32,Dayana Yastremska,6-1 6-2,42,12,7,42,22,11
Leylah Fernandez,20260112,Adelaide,Hard,P,R32,Diana Shnaider,7-5 6-3,68,31,12,71,35,15
Leylah Fernandez,20260119,Australian Open,Hard,G,R128,Janice Tjen,6-2 7-6(1),65,20,15,74,28,18
Leylah Fernandez,20260201,Abu Dhabi,Hard,P,R16,Mccartney Kessler,6-3 6-2,62,19,12,52,28,7
Leylah Fernandez,20260201,Abu Dhabi,Hard,P,R32,Chloe Paquet,6-0 6-3,40,17,15,40,14,4
Leylah Fernandez,20260208,Doha,Hard,PM,R64,Ann Li,6-4 6-3,65,27,11,58,23,17
Leylah Fernandez,20260215,Dubai,Hard,PM,R32,Janice Tjen,7-6(5) 6-4,74,32,11,67,29,15
Leylah Fernandez,20260215,Dubai,Hard,PM,R64,Liudmila Samsonova,5-7 7-5 6-3,120,50,25,97,42,19
Leylah Fernandez,20260304,Indian Wells,Hard,PM,R64,Katerina Siniakova,5-7 6-4 7-6(1),130,46,32,138,61,21
Leylah Fernandez,20260317,Miami,Hard,PM,R32,Jessica Pegula,6-2 6-2,55,22,6,47,25,10
Leylah Fernandez,20260317,Miami,Hard,PM,R64,Oksana Selekhmeteva,7-6(1) 3-6 6-1,106,45,17,89,39,12
Leylah Fernandez,20260727,Washington,Hard,P,R16,Alexandra Eala,6-2 7-6(1),74,27,11,66,27,16
Leylah Fernandez,20260727,Washington,Hard,P,R32,Magda Linette,6-1 6-4,44,23,9,60,15,14
Leylah Fernandez,20260802,Toronto,Hard,PM,R16,Naomi Osaka,6-4 6-4,57,21,13,56,29,12
Leylah Fernandez,20260802,Toronto,Hard,PM,R32,Mirra Andreeva,6-1 6-4,48,24,9,58,23,6
Leylah Fernandez,20260802,Toronto,Hard,PM,R64,Renata Zarazua,6-2 6-2,47,19,11,55,18,7
Leylah Fernandez,20260813,Cincinnati,Hard,PM,R64,Xiyu Wang,3-6 6-2 6-2,74,31,9,66,30,11
Leylah Fernandez,20260831,US Open,Hard,G,R32,Jessica Pegula,1-6 6-4 6-3,77,26,20,93,35,20
Leylah Fernandez,20260831,US Open,Hard,G,R128,Shuai Zhang,6-3 6-2,64,35,9,43,16,10
Leylah Fernandez,20260831,US Open,Hard,G,R64,Mananchaya Sawangkaew,6-4 6-1,57,26,7,49,14,6
Leylah Fernandez,20260921,Singapore,Hard,P,F,Talia Gibson,7-5 6-0,,,,,,
Leylah Fernandez,20260921,Singapore,Hard,P,QF,Mirra Andreeva,6-2 7-5,63,27,9,58,20,7
Leylah Fernandez,20260921,Singapore,Hard,P,R16,Alycia Parks,6-4 6-3,49,22,9,61,16,14
Leylah Fernandez,20260921,Singapore,Hard,P,R32,Kyoka Okamura,6-2 6-3,86,32,17,79,26,11
Leylah Fernandez,20260921,Singapore,Hard,P,SF,Maja Chwalinska,1-6 6-4 6-2,74,30,12,67,31,6
Leylah Fernandez,20260930,WTA Beijing,Hard,W,R64,Kamilla Rakhimova,6-2 4-6 6-3,90,45,7,91,37,19
Sara Bejlek,20260105,Auckland,Hard,I,R16,Iva Jovic,7-6(3) 6-4,75,24,10,66,28,9
Sara Bejlek,20260105,Auckland,Hard,I,R32,Panna Udvardy,7-5 6-1,63,37,4,68,28,8
Sara Bejlek,20260119,Australian Open,Hard,G,R128,Ashlyn Krueger,6-3 6-3,55,14,13,61,28,8
Sara Bejlek,20260201,Abu Dhabi,Hard,P,F,Ekaterina Alexandrova,7-6(5) 6-1,58,29,9,74,24,14
Sara Bejlek,20260201,Abu Dhabi,Hard,P,QF,Sonay Kartal,6-0 6-2,43,17,10,42,12,3
Sara Bejlek,20260201,Abu Dhabi,Hard,P,R16,Jelena Ostapenko,6-4 6-3,63,28,13,56,19,9
Sara Bejlek,20260201,Abu Dhabi,Hard,P,R32,Ashlyn Krueger,6-3 6-0,51,20,15,43,13,5
Sara Bejlek,20260201,Abu Dhabi,Hard,P,SF,Clara Tauson,7-5 3-6 7-5,110,48,18,108,43,16
Sara Bejlek,20260201,Abu Dhabi,Hard,P,Q1,Ekaterina Ovcharenko,6-3 6-0,50,19,12,61,20,6
Sara Bejlek,20260201,Abu Dhabi,Hard,P,Q2,Chloe Paquet,6-2 6-2,48,21,10,53,14,7
Sara Bejlek,20260215,Dubai,Hard,PM,R32,Belinda Bencic,W/O,,,,,,
Sara Bejlek,20260215,Dubai,Hard,PM,R64,Zeynep Sonmez,6-2 6-2,37,18,6,36,9,7
Sara Bejlek,20260317,Miami,Hard,PM,R128,Talia Gibson,6-1 6-0,35,5,4,57,21,14
Sara Bejlek,20260713,Athens,Hard,I,QF,Clara Tauson,6-2 6-3,63,21,11,54,23,15
Sara Bejlek,20260713,Athens,Hard,I,R16,Lilli Tagger,6-2 6-2,45,21,5,51,14,3
Sara Bejlek,20260713,Athens,Hard,I,R32,Viktoria Morvayova,6-0 7-5,69,24,16,58,19,4
Sara Bejlek,20260720,Prague,Hard,I,QF,Lilli Tagger,6-3 6-4,64,19,13,64,27,10
Sara Bejlek,20260720,Prague,Hard,I,R16,Maria Timofeeva,6-1 6-1,47,22,7,45,13,3
Sara Bejlek,20260720,Prague,Hard,I,R32,Anna Blinkova,7-6(9) 3-6 6-1,111,36,21,105,30,24
Sara Bejlek,20260802,Toronto,Hard,PM,R64,Iga Swiatek,6-0 6-3,59,18,7,72,35,8
Sara Bejlek,20260802,Toronto,Hard,PM,R128,Xiyu Wang,6-3 4-6 7-5,95,37,20,118,53,12
Sara Bejlek,20260813,Cincinnati,Hard,PM,SF,Coco Gauff,6-4 6-1,57,16,9,41,20,8
Sara Bejlek,20260813,Cincinnati,Hard,PM,QF,Madison Keys,3-6 6-4 7-6(5),102,46,17,112,45,23
Sara Bejlek,20260813,Cincinnati,Hard,PM,R128,Karolina Pliskova,6-0 6-2,46,17,13,51,18,2
Sara Bejlek,20260813,Cincinnati,Hard,PM,R16,Aryna Sabalenka,7-6(7) 6-4,69,31,9,82,25,19
Sara Bejlek,20260813,Cincinnati,Hard,PM,R32,Ekaterina Alexandrova,4-6 6-1 6-2,82,36,16,81,27,15
Sara Bejlek,20260813,Cincinnati,Hard,PM,R64,Barbora Krejcikova,7-6(5) 6-4,84,40,14,72,26,18
Sara Bejlek,20260831,US Open,Hard,G,R128,Cristina Bucsa,7-5 4-6 6-1,83,27,16,84,35,16
Sara Bejlek,20260913,Guadalajara,Hard,P,QF,Cristina Bucsa,6-0 6-4,42,14,5,46,24,8
Sara Bejlek,20260913,Guadalajara,Hard,P,R16,Alycia Parks,6-4 6-3,49,26,8,66,24,13
Sara Bejlek,20260930,WTA Beijing,Hard,W,R32,Naomi Osaka,,,,,,,
Sara Bejlek,20260930,WTA Beijing,Hard,W,R64,Maddison Inglis,6-3 7-5,64,24,14,67,28,6
Jelena Ostapenko,20251006,Wuhan,Hard,PM,R64,Sorana Cirstea,6-0 2-1 RET,22,1,4,25,9,7
Jelena Ostapenko,20260104,Brisbane,Hard,P,R32,Sorana Cirstea,6-2 7-6(5),71,29,11,67,30,16
Jelena Ostapenko,20260112,Adelaide,Hard,P,R32,Tereza Valentova,7-5 3-2 RET,56,19,11,47,19,11
Jelena Ostapenko,20260119,Australian Open,Hard,G,R64,Xin Yu Wang,4-6 6-4 6-4,93,35,9,108,46,12
Jelena Ostapenko,20260119,Australian Open,Hard,G,R128,Rebecca Sramkova,6-4 6-4,60,26,12,62,25,9
Jelena Ostapenko,20260201,Abu Dhabi,Hard,P,R16,Sara Bejlek,6-4 6-3,56,19,9,63,28,13
Jelena Ostapenko,20260201,Abu Dhabi,Hard,P,R32,Oksana Selekhmeteva,5-7 7-6(4) 6-2,109,42,18,112,47,12
Jelena Ostapenko,20260208,Doha,Hard,PM,SF,Victoria Mboko,6-3 6-2,55,18,7,56,24,9
Jelena Ostapenko,20260208,Doha,Hard,PM,QF,Elisabetta Cocciaretto,7-5 6-4,72,27,14,63,24,6
Jelena Ostapenko,20260208,Doha,Hard,PM,R16,Camila Osorio,6-3 6-1,46,19,10,49,15,6
Jelena Ostapenko,20260208,Doha,Hard,PM,R32,Ekaterina Alexandrova,6-4 6-2,70,31,12,52,21,7
Jelena Ostapenko,20260208,Doha,Hard,PM,R64,Anastasia Zakharova,6-7(6) 6-3 6-4,94,42,15,101,37,16
Jelena Ostapenko,20260215,Dubai,Hard,PM,R64,Anna Kalinskaya,2-6 6-1 6-4,95,29,24,96,36,19
Jelena Ostapenko,20260304,Indian Wells,Hard,PM,R32,Jessica Pegula,4-6 6-3 6-2,78,29,14,77,37,14
Jelena Ostapenko,20260304,Indian Wells,Hard,PM,R64,Katie Volynets,6-4 7-6(5),77,32,11,90,33,12
Jelena Ostapenko,20260317,Miami,Hard,PM,R16,Hailey Baptiste,6-3 6-4,60,28,6,69,28,18
Jelena Ostapenko,20260317,Miami,Hard,PM,R32,Jasmine Paolini,5-7 6-2 7-5,97,39,15,120,41,18
Jelena Ostapenko,20260317,Miami,Hard,PM,R64,Dayana Yastremska,6-4 6-4,61,26,14,64,20,19
Jelena Ostapenko,20260802,Toronto,Hard,PM,R64,Shuai Zhang,6-0 4-0 RET,43,8,7,31,19,4
Jelena Ostapenko,20260813,Cincinnati,Hard,PM,R64,Magdalena Frech,6-1 6-3,56,16,8,48,20,12
Jelena Ostapenko,20260831,US Open,Hard,G,R128,Tatjana Maria,4-6 6-1 6-2,72,23,13,95,40,17
Jelena Ostapenko,20260921,Seoul,Hard,I,R16,Taylah Preston,6-4 6-1,57,16,14,56,26,12
Jelena Ostapenko,20260921,Seoul,Hard,I,R32,Anastasia Zakharova,6-4 6-1,59,23,13,63,19,12
Jelena Ostapenko,20260930,WTA Beijing,Hard,W,R32,Elise Mertens,,,,,,,
Jelena Ostapenko,20260930,WTA Beijing,Hard,W,R64,Paula Badosa,7-6(5) 7-5,83,30,18,70,27,12
Maria Sakkari,20251013,Osaka,Hard,I,R32,Ashlyn Krueger,2-6 6-3 6-4,107,44,20,92,38,20
Maria Sakkari,20251020,Tokyo,Hard,P,R32,Leylah Fernandez,7-6(5) 6-4,74,23,12,74,29,12
Maria Sakkari,20251020,Tokyo,Hard,P,Q1,Zeynep Sonmez,7-5 6-3,65,28,13,72,29,10
Maria Sakkari,20251020,Tokyo,Hard,P,Q2,Suzan Lamens,6-3 6-3,59,27,12,69,30,6
Maria Sakkari,20260105,United Cup,Hard,I,QF,Coco Gauff,6-3 6-2,,,,,,
Maria Sakkari,20260105,United Cup,Hard,I,RR,Emma Raducanu,6-3 3-6 6-1,,,,,,
Maria Sakkari,20260105,United Cup,Hard,I,RR,Naomi Osaka,6-4 6-2,,,,,,
Maria Sakkari,20260112,Adelaide,Hard,P,R32,Daria Kasatkina,7-6(2) 6-4,85,30,7,71,29,7
Maria Sakkari,20260119,Australian Open,Hard,G,R64,Mirra Andreeva,6-0 6-4,45,14,7,50,21,10
Maria Sakkari,20260119,Australian Open,Hard,G,R128,Leolia Jeanjean,6-4 6-2,45,26,8,50,15,9
Maria Sakkari,20260208,Doha,Hard,PM,SF,Karolina Muchova,3-6 6-4 6-1,90,31,17,72,30,13
Maria Sakkari,20260208,Doha,Hard,PM,QF,Iga Swiatek,2-6 6-4 7-5,102,50,8,83,35,14
Maria Sakkari,20260208,Doha,Hard,PM,R16,Varvara Gracheva,7-6(3) 6-0,70,33,9,53,17,7
Maria Sakkari,20260208,Doha,Hard,PM,R32,Jasmine Paolini,6-4 6-2,57,27,12,53,15,13
Maria Sakkari,20260208,Doha,Hard,PM,R64,Zeynep Sonmez,6-1 6-3,55,24,11,57,18,7
Maria Sakkari,20260304,Indian Wells,Hard,PM,R32,Iga Swiatek,6-3 6-2,62,24,4,60,26,12
Maria Sakkari,20260304,Indian Wells,Hard,PM,R64,Lilli Tagger,7-5 6-0,60,28,14,63,24,9
Maria Sakkari,20260317,Miami,Hard,PM,R64,Alycia Parks,6-3 6-3,57,27,7,63,25,16
Maria Sakkari,20260713,Athens,Hard,I,F,Barbora Krejcikova,7-6(5) 6-3,57,19,18,67,32,12
Maria Sakkari,20260713,Athens,Hard,I,QF,Alycia Parks,6-4 6-3,47,28,6,57,20,11
Maria Sakkari,20260713,Athens,Hard,I,R16,Harriet Dart,6-1 6-2,41,20,9,50,13,9
Maria Sakkari,20260713,Athens,Hard,I,R32,Polina Kudermetova,6-0 7-6(1),57,22,16,58,20,5
Maria Sakkari,20260713,Athens,Hard,I,SF,Alina Korneeva,6-1 7-5,55,26,12,54,16,9
Maria Sakkari,20260802,Toronto,Hard,PM,R32,Coco Gauff,6-1 6-4,50,15,7,58,27,10
Maria Sakkari,20260802,Toronto,Hard,PM,R64,Zeynep Sonmez,6-3 6-2,57,20,17,54,21,7
Maria Sakkari,20260813,Cincinnati,Hard,PM,R32,Iga Swiatek,4-6 6-1 6-1,67,25,13,78,41,11
Maria Sakkari,20260813,Cincinnati,Hard,PM,R64,Kamilla Rakhimova,6-2 5-7 6-1,97,32,22,104,31,18
Maria Sakkari,20260831,US Open,Hard,G,R64,Yuliia Starodubtseva,1-6 7-6(4) 6-2,95,35,21,94,29,25
Maria Sakkari,20260831,US Open,Hard,G,R128,Robin Montgomery,2-6 7-5 6-2,84,33,16,105,38,18
Maria Sakkari,20260921,Singapore,Hard,P,QF,Talia Gibson,6-1 4-6 6-2,86,26,18,72,43,5
Maria Sakkari,20260921,Singapore,Hard,P,R16,Nao Hibino,7-5 6-1,62,26,16,59,21,11
Maria Sakkari,20260921,Singapore,Hard,P,R32,Linda Fruhvirtova,6-4 6-1,62,29,13,46,17,7
Maria Sakkari,20260930,WTA Beijing,Hard,W,R32,Elina Svitolina,,,,,,,
Maria Sakkari,20260930,WTA Beijing,Hard,W,R64,Storm Hunter,6-2 6-2,55,23,10,43,12,5
Diane Parry,20251006,Wuhan,Hard,PM,Q1,Yulia Putintseva,6-1 6-0,37,6,7,49,16,16
Diane Parry,20251020,Guangzhou,Hard,I,R32,Elisabetta Cocciaretto,6-4 6-7(7) 6-2,103,40,16,98,51,10
Diane Parry,20251027,Chennai,Hard,I,R16,Mia Pohankova,6-3 6-4,54,16,11,52,15,15
Diane Parry,20251027,Chennai,Hard,I,R32,Thasaporn Naklo,6-2 6-0,51,20,15,48,11,10
Diane Parry,20260105,Canberra 125,Hard,C,R32,Joanna Garland,5-7 6-4 6-2,86,30,13,90,36,18
Diane Parry,20260119,Australian Open,Hard,G,Q1,Elena Pridankina,6-3 6-2,55,21,6,71,32,10
Diane Parry,20260126,W100 Fujairah,Hard,100,QF,Harriet Dart,6-2 6-1,47,15,6,50,21,12
Diane Parry,20260126,W100 Fujairah,Hard,100,R16,Anastasia Kulikova,6-4 6-4,53,22,12,71,23,13
Diane Parry,20260126,W100 Fujairah,Hard,100,R32,Anastasia Tikhonova,6-3 7-5,61,23,18,79,27,20
Diane Parry,20260201,Ostrava,Hard,I,SF,Tamara Korpatsch,6-4 6-4,58,19,10,71,21,20
Diane Parry,20260201,Ostrava,Hard,I,QF,Nikola Bartunkova,6-1 6-3,44,23,10,45,15,9
Diane Parry,20260201,Ostrava,Hard,I,R16,Panna Udvardy,6-1 6-2,44,19,12,52,16,9
Diane Parry,20260201,Ostrava,Hard,I,R32,Oceane Dodin,6-1 6-4,53,24,15,45,18,7
Diane Parry,20260223,Merida,Hard,P,Q1,Heather Watson,6-4 6-4,55,19,13,76,30,17
Diane Parry,20260304,Indian Wells,Hard,PM,R64,Madison Keys,6-4 6-3,71,22,16,72,36,9
Diane Parry,20260304,Indian Wells,Hard,PM,R128,Venus Williams,6-3 6-7(4) 6-1,94,43,22,79,32,17
Diane Parry,20260304,Indian Wells,Hard,PM,Q1,Elizabeth Mandlik,6-2 6-3,56,27,12,46,15,10
Diane Parry,20260304,Indian Wells,Hard,PM,Q2,Lulu Sun,6-2 6-3,46,30,7,46,16,10
Diane Parry,20260317,Miami,Hard,PM,Q2,Elvina Kalieva,6-4 6-0,50,19,5,47,22,10
Diane Parry,20260317,Miami,Hard,PM,Q1,Lucrezia Stefanini,6-2 4-6 7-5,102,39,17,127,51,12
Diane Parry,20260720,Prague,Hard,I,R32,Mai Hontama,6-4 6-0,51,19,4,55,31,5
Diane Parry,20260802,Toronto,Hard,PM,R128,Kayla Day,3-6 6-3 7-5,88,30,18,85,34,18
Diane Parry,20260813,Cincinnati,Hard,PM,R16,Iga Swiatek,6-3 6-3,59,19,11,53,27,8
Diane Parry,20260813,Cincinnati,Hard,PM,R128,Caroline Dolehide,6-4 7-6(7),77,29,21,81,40,10
Diane Parry,20260813,Cincinnati,Hard,PM,R32,Lois Boisson,4-6 6-4 6-3,101,45,16,99,45,14
Diane Parry,20260813,Cincinnati,Hard,PM,R64,Elise Mertens,2-6 6-2 6-2,76,33,13,85,25,18
Diane Parry,20260823,Monterrey,Hard,P,F,Elise Mertens,6-4 0-6 6-3,106,37,20,70,32,11
Diane Parry,20260823,Monterrey,Hard,P,QF,Clara Tauson,6-3 7-5,61,35,10,58,24,11
Diane Parry,20260823,Monterrey,Hard,P,R16,Oleksandra Oliynykova,6-4 7-6(3),67,23,11,75,22,13
Diane Parry,20260823,Monterrey,Hard,P,R32,Donna Vekic,6-7(5) 6-4 6-1,89,40,24,100,41,19
Diane Parry,20260823,Monterrey,Hard,P,SF,Ann Li,7-6(7) 6-4,87,37,11,85,31,18
Diane Parry,20260831,US Open,Hard,G,R64,Sorana Cirstea,6-2 7-5,69,24,12,80,40,10
Diane Parry,20260831,US Open,Hard,G,R128,Viktorija Golubic,7-5 6-4,86,34,16,60,21,9
Diane Parry,20260913,Guadalajara,Hard,P,R16,Peyton Stearns,6-2 7-5,61,16,12,63,24,14
Diane Parry,20260930,WTA Beijing,Hard,W,R64,Taylah Preston,7-6(4) 6-1,58,21,9,62,28,11
